user_name,user_location,user_description,user_created,user_followers,user_friends,user_favourites,user_verified,date,text,hashtags,source,is_retweet,cleaned_text,sentiment,topic,label
John M.üíôüí™üí™üèæüá∫üá∏üåäüåä2020,NO LISTS PLEASE,vote blue . If you like Trump you probably won‚Äôt like me. Wear a fucking üò∑ in public places.#Resister #BLM #DemCastPA #DemCast #ONEV1 #JoeBiden2020 NO DM‚Äôs,2016-07-27 01:38:03,5063,5469,9232,False,2020-08-02,tRump here is a message from President Barack Obama he left for you with the pandemic team and catalog!‚Ä¶ https://t.co/TyxqvKSz5S,,Twitter for iPhone,False,trump message president barack obama left pandemic team catalog,NEGATIVE,6,unverified claim
Press Trust of India,"New Delhi, India",PTI !  We bring the World to you...,2011-02-01 07:31:18,2933860,1,0,True,2020-07-27,"32 new #COVID19 cases in Arunachal Pradesh, tally 1,158, active cases 650: Health official",['COVID19'],PTI_Tweets,False,32 new cases arunachal pradesh tally 1 158 active 650 health official,POSITIVE,0,true information
Coronavirus Updates,,"COVID-19 (Coronavirus) Latest News & Statistics.
We post updates 24/7 as they come in, all stats are from official sources.
#Coronavirus #COVID19",2020-03-07 12:52:51,470,1,0,False,2020-08-06,"66 new cases and 1 new death in Luxembourg 

[16:56 GMT] #coronavirus #CoronaVirusUpdate #COVID19 #CoronavirusPandemic","['coronavirus', 'CoronaVirusUpdate', 'COVID19', 'CoronavirusPandemic']",COVID19-Updates,False,66 new cases 1 death luxembourg 16 56 gmt,NEGATIVE,0,true information
Gry Hasselbalch,,Cofounder https://t.co/dN4b66chTW. Vice chair IEEE P7006. Author https://t.co/r5Wzt95dy9. EU High-Level Expert Group on AI. #dataethics #AIethics #power,2009-03-23 12:17:04,3314,1413,6106,False,2020-08-11,"This is a little shout out to my own technologically advanced country Denmark: Yes, we can use technology in the fi‚Ä¶ https://t.co/HHJpDthCNF",,Twitter Web App,False,little shout technologically advanced country denmark yes use technology fi,POSITIVE,2,true information
NinjaWorks,,Follow Me for #Jobs #RelationshipTips #MotivationalQuotes #Articles #Blog #News #Politics #Religion #Marketing #Business #Spirituality #Brand #Movie #Review ll,2019-10-21 05:50:24,6,76,9,False,2020-08-18,5 Easy way to show #love ll https://t.co/Elnz7iQ4vb ll #RelationshipAdvice #tinder #labia #WomenSupportingWomen‚Ä¶ https://t.co/2vL1FUP1Io,"['love', 'RelationshipAdvice', 'tinder', 'labia', 'WomenSupportingWomen']",Buffer,False,5 easy way show,POSITIVE,5,true information
D I G A N T A,"Sonamukhi, West Bengal, India",When I was born..The Devil said..Oh Shit!!..Competition!üñï...,2012-07-04 00:22:38,69,1424,837,False,2020-08-09,"WTF!..
Who have done this!..
Anyway a good stuff for amusement in such a tough time!!...
#coronavirus
#COVID19
#news https://t.co/z1WsPE8Ep3","['coronavirus', 'COVID19', 'news']",Twitter for Android,False,wtf done anyway good stuff amusement tough time,NEGATIVE,5,unverified claim
Ian Carter,"Launceston, Tasmania","Guess the age? I love my 2 cats! Why, when, and who. How and what. Answer now or maybe not...:) Quizzicality, the newest name for our reality.",2010-01-26 11:14:29,3321,4082,11515,False,2020-07-25,"sick idea @thepmo &amp; @Dom_Perrottet, of 'living with #Covid19' one bit or at all.

'What about, if it gets worse, a‚Ä¶ https://t.co/n2edrBwHA9",['Covid19'],Twitter Web App,False,sick idea amp living one bit gets worse,NEGATIVE,9,misinformation
All India Radio News,"New Delhi, India","Official account of News Services Division, All India Radio.

‡§π‡§ø‡§Ç‡§¶‡•Ä ‡§ï‡•á ‡§∏‡§Æ‡§æ‡§ö‡§æ‡§∞‡•ã‡§Ç ‡§ï‡•á ‡§≤‡§ø‡§è @AIRNewsHindi ‡§ï‡•ã ‡§´‡•â‡§≤‡•ã ‡§ï‡§∞‡•á‡§Ç!
Follow @AIRNewsUrdu for news updates in Urdu",2013-01-03 04:15:45,2488344,17,632,True,2020-08-04,"1,145 #COVID19 cases reported in #Rajasthan, cases reach 45,555. Active cases stands at 12,785. CM Ashok Gehlot rev‚Ä¶ https://t.co/WVwzR3aJP6","['COVID19', 'Rajasthan']",Twitter Web App,False,1 145 cases reported reach 45 555 active stands 12 785 cm ashok gehlot rev,NEGATIVE,0,true information
PRCBC: Children's Rights to British Citizenship,https://prcbc.org,"Awareness raising, training & representation on children's right to British citizenship. To make a donation:
https://t.co/wY7zOGfJAM",2013-07-20 10:05:20,2115,119,9581,False,2020-08-11,Why has @pritipatel not used power under s42(6) BNA 1981 to waive need for people to attend citizenship ceremonies?‚Ä¶ https://t.co/62jfmhqmxx,,Twitter Web App,False,used power s42 6 bna 1981 waive need people attend citizenship ceremonies,NEGATIVE,15,unverified claim
DoTale,Kolkata,"Online Food Mart and Delivery Service at Your Doorstep.
Your own local bazaar, at your fingertip.
Free, Fast & Fresh Deliveries.",2020-05-10 07:42:47,0,0,0,False,2020-08-30,"From now your market responsibility is ours - DoTale

#DoTale #KMDassSolutions #COVID19 #sanitize #disinfectant‚Ä¶ https://t.co/mIIxHOv06W","['DoTale', 'KMDassSolutions', 'COVID19', 'sanitize', 'disinfectant']",Twitter Web App,False,market responsibility dotale,NEGATIVE,2,true information
Mary O'Hara,Currently in LA,Journalist/Author/Consulting producer Getting Curious w @jvn NEW BOOK: 'The Shame Game: Overturning the toxic poverty narrative' BUY VIA: https://t.co/PHzbT3Ze0p,2011-01-24 12:03:39,7113,4408,6857,True,2020-07-25,With jobs and livelihoods under serious threat as a result of the pandemic we absolutely have to address poverty. I‚Ä¶ https://t.co/44aKnWqR3Q,,Twitter Web App,False,jobs livelihoods serious threat result pandemic absolutely address poverty,NEGATIVE,6,true information
SecureKey,"Toronto, Ontario Canada",SecureKey is a leading identity and authentication provider that simplifies consumer access to online services and applications.,2010-09-17 17:28:47,2747,1271,1643,False,2020-07-30,"Social distancing due to #COVID19 is emphasizing the need for Canada to embrace digital signatures! 

Get a documen‚Ä¶ https://t.co/OzobXlle1a",['COVID19'],HubSpot,False,social distancing due emphasizing need canada embrace digital signatures get documen,POSITIVE,15,unverified claim
The Bitch Has Spoken,United States,"Reg Independent, ProChoice, Animal RIghts. Happily married. I don't need your approvalü§¨ #VoteTrumpOutüéØ #25thAmendmentüá∫üá≤  #StopYulinüêæ #Resistüëäüèº #Protestüëä",2012-03-29 07:28:08,146,466,3292,False,2020-08-10,"@GOPChairwoman @realDonaldTrump #DictatorDonny CAUSED this economic downfall not handling #COVID19 #pandemic 
He's‚Ä¶ https://t.co/ZuM0diwD55","['DictatorDonny', 'COVID19', 'pandemic']",Twitter for Android,False,caused economic downfall handling,NEGATIVE,2,unverified claim
Hartlepool Council,Hartlepool,"The official Twitter account of Hartlepool Borough Council. All the latest news and events for #Hartlepool will be tweeted here, as well as emergency info.",2011-04-05 09:36:42,8497,717,349,True,2020-08-02,"#Coronavirus: If you have symptoms, get tested immediately to protect your friends and family. #Covid_19 #COVID19‚Ä¶ https://t.co/4d2gHEExMr","['Coronavirus', 'Covid_19', 'COVID19']",Twitter for iPhone,False,symptoms get tested immediately protect friends family,NEGATIVE,7,true information
Rich Tehrani,"Trumbull, CT",CEO TMC: #Futurist #Influencer #Keynote #Speaker #Cloud #IoT #Blockchain #Cybersecurity #VoIP #CRM #UCaaS #BigData #Analytics #AI #MachineLearning #SDWAN #IIoT,2007-04-30 14:30:41,25461,25004,28956,False,2020-07-25,"Face Masks Shouldn‚Äôt Be an Option https://t.co/EIn4sLKdG5

#pandemictech @news_pandemic #CoronaVirus‚Ä¶ https://t.co/ngIuKbLe0C","['pandemictech', 'CoronaVirus']",Buffer,False,face masks option,NEGATIVE,3,true information
Abdulkadir Nasidi,"Abuja, Nigeria. ","#Energy Entreprenure|#Leadership|
#Founder/CEO, @Carvenservice |#BDSP|#Wannem shina Nne uzo|#Eko oni Baje‚ô°|",2013-09-18 20:02:54,3662,3583,130689,False,2020-08-11,"#SchoolsMustShutdown
If schools remain closed much longer, eventually parents will have to invent the #COVID19 vacc‚Ä¶ https://t.co/k9fJ8CuYMs","['SchoolsMustShutdown', 'COVID19']",Twitter for Android,False,schools remain closed much longer eventually parents invent vacc,NEGATIVE,13,unverified claim
Elizabeth,,List=Immediate Block ! Blocked by Dana Loesch,2016-03-06 02:18:28,516,659,43931,False,2020-08-07,"A new record !!! @realDonaldTrump 160,000 dead Americans from #COVID19 &amp; still you FAIL to implement a national pol‚Ä¶ https://t.co/oGSx37Ktmk",['COVID19'],Twitter for iPhone,False,new record 160 000 dead americans amp still fail implement national pol,NEGATIVE,9,true information
UN Peacekeeping,"New York, NY","@UN Department of Peace Operations. Supporting peace around the world. Also follow our Head, Under-Secretary-General @Lacroix_UN.",2009-06-10 01:34:55,435120,1038,5729,True,2020-07-31,"Public health emergencies worldwide, including the #COVID19 pandemic, take a disproportionate toll on women. 

üîçLea‚Ä¶ https://t.co/s03EVciOyf",['COVID19'],Hootsuite Inc.,False,public health emergencies worldwide including pandemic take disproportionate toll women lea,NEGATIVE,14,true information
Ray Marx & Robyn Deane,Bli Bli Qld Australia,"True believer, veteran, artist, BSocSc. Views my own, though mostly my darling wife Robyn Deane - together seekers of a fairer progressive world.",2010-05-02 22:48:49,9162,8950,8434,False,2020-07-27,"Which mask works best? We filmed people coughing and sneezing to find out https://t.co/NhNjOJ0Kx1 
#COVID19
#WearAMask 
#Auspol #LNPfail","['COVID19', 'WearAMask', 'Auspol', 'LNPfail']",Twitter Web App,False,mask works best filmed people coughing sneezing find,NEGATIVE,3,true information
Orko Manna,"Las Vegas, NV","Reporter for @8NewsNow (@CBSNews in Las Vegas) | 2x Emmy Award Nominee | @NorthwesternU, @MedillSchool & @Cambridge_Uni alum | Chicago kid | RTs ‚â† endorsements",2012-09-29 06:55:24,1633,89,706,False,2020-08-09,COMING UP: It's an entertainment experience that's out of this world. #Burger51 is a new drive-in movie theater in‚Ä¶ https://t.co/8NY82Aqdt3,['Burger51'],Twitter Web App,False,coming entertainment experience world new drive movie theater,POSITIVE,10,unverified claim
Khoe-Cau-Asian,Occupied Indigenous land. ,"#QURAN#SUNNAH#SALAF, #indigenousrights #Anusa, dislikes #Islamophobia, ask me don't assume,
likes & retweets not endorsments",2010-05-03 08:11:24,265,256,4175,False,2020-07-27,"@Makashule @ricardomackenzi What about TB, 124k deaths in SA last year, 1,5 million globally, we being bamboozled.‚Ä¶ https://t.co/eg2N1JrGGJ",,Twitter for Android,False,tb 124k deaths sa last year 1 5 million globally bamboozled,NEGATIVE,0,misinformation
Covid19inkenya,Kenya,"A portal where policymakers,health workers,and the public can get credible multimedia information about the COVID-19 pandemic and what they can do to manage it.",2020-06-03 11:19:37,10,93,181,False,2020-08-17,"Did you know the Coronavirus needs human cells to survive?

#KaaNyumbaniKenya #COVID19  #KomeshaCorona #TheNewNormal https://t.co/FdwoRIopsO","['KaaNyumbaniKenya', 'COVID19', 'KomeshaCorona', 'TheNewNormal']",Hootsuite Inc.,False,know coronavirus needs human cells survive,NEGATIVE,1,true information
James Nokise,,"(No-Key-Say) Stand-up /storyteller; plays, puppets, politics, poetry, pro fried chicken eater https://t.co/c8Z2Ty9QiJ",2013-10-19 21:52:42,3599,839,12717,False,2020-07-26,Perhaps nothing sums up the #NewZealand attitude to #COVID19 than the  @AllBlacks giving a shout out to Dr Ashley B‚Ä¶ https://t.co/vVf0l8vCoA,"['NewZealand', 'COVID19']",Twitter for iPhone,False,perhaps nothing sums attitude giving shout dr ashley b,NEGATIVE,12,unverified claim
Udayavani,Manipal,Udayavani is a hyper-local news and infotainment platform capturing the pulse of Coastal Karnataka In English and Kannada,2011-05-04 12:50:52,61928,117,4368,False,2020-08-08,"#COVID19: Union minister Kailash Chaudhary tests positive
https://t.co/C49UtOPY0E",['COVID19'],Twitter Web App,False,union minister kailash chaudhary tests positive,POSITIVE,7,true information
Darkey Hassanatu Mustapha,Greater Accra,My nature,2018-07-11 20:36:03,858,1452,1413,False,2020-08-17,"*Update No. 15: Measures taken to combat spread of Coronavirus.*

#PresidentAkufoAddoSpeaksOnCoronavirus
#COVID19‚Ä¶ https://t.co/XyclG3ojkm","['PresidentAkufoAddoSpeaksOnCoronavirus', 'COVID19']",Twitter for Android,False,update 15 measures taken combat spread coronavirus,POSITIVE,1,true information
The Gospel Coalition,,TGC seeks to renew the contemporary church in the ancient gospel of Jesus Christ.,2009-04-14 01:11:31,282713,1743,511,True,2020-08-22,It‚Äôs now commonplace‚Äîeven before #COVID19‚Äîfor church ‚Äúregulars‚Äù to attend two out of four weeks. We‚Äôre isolating ou‚Ä¶ https://t.co/3vPb71RneU,['COVID19'],Buffer,False,commonplace even church regulars attend two four weeks isolating ou,NEGATIVE,13,true information
Randall Lichner,"California, USA",Personal Account,2015-06-13 07:04:47,2308,2073,132347,False,2020-08-30,#California I want you to see something very important about #COVID19. The https://t.co/pJsjP5oYtb #CDC just quietl‚Ä¶ https://t.co/xRp1UVPzCb,"['California', 'COVID19', 'CDC']",Twitter for iPhone,False,want see something important quietl,POSITIVE,12,true information
ActivistBowen,Hong Kong,"person, web writer, dissident, son, brother, friend; NOT a 1-man show; RTs = IMPORTANCE, NOT NECESSARILY ENDORSEMENTS; REASONABLENESS over loyalty",2011-06-08 20:17:01,3181,3969,4175,False,2020-08-04,"52050 cases; 803 deaths (CUMULATIVE: 1855745 cases;   38938 deaths): hashtag THREE (August 4, 2020; 12:52 HKT) #COVID19 #COVID #INDIA","['COVID19', 'COVID', 'INDIA']",Twitter Web App,False,52050 cases 803 deaths cumulative 1855745 38938 hashtag three august 4 2020 12 52 hkt,NEGATIVE,0,true information
RevertingToChildhood,My happy place,"I'm just here to let off some steam.
Your opinion of me is irrelevant.
Yes, I'm a smartass. Any problem you have with my views, only encourages me. #Resist",2016-02-04 14:53:15,367,576,15079,False,2020-08-18,"@realDonaldTrump You have let 171,000 Americans die from #COVID19, in 6 months, because your inability to lead. #GFY","['COVID19', 'GFY']",Twitter Web App,False,let 171 000 americans die 6 months inability lead,NEGATIVE,11,unverified claim
Archana Shukla,Mumbai,"Associate Editor - Rural Affairs, Healthcare @cnbctv18
Enchanted by village life.
#RamnathGoenkaAward 2016 #RedInkAwards 2017, 2019 #CJEA 2018",2008-12-30 08:26:08,3182,339,3244,False,2020-08-02,Don't know whether to feel scared or angry. It's an opinion piece &amp; I hope this opinion doesn't catch on. Science m‚Ä¶ https://t.co/7EnYK5GDlc,,Twitter for Android,False,know whether feel scared angry opinion piece amp hope catch science,NEGATIVE,16,unverified claim
Coronavirus Updates,,"COVID-19 (Coronavirus) Latest News & Statistics.
We post updates 24/7 as they come in, all stats are from official sources.
#Coronavirus #COVID19",2020-03-07 12:52:51,473,1,0,False,2020-08-08,"17 new cases in Norway 

[14:46 GMT] #coronavirus #CoronaVirusUpdate #COVID19 #CoronavirusPandemic","['coronavirus', 'CoronaVirusUpdate', 'COVID19', 'CoronavirusPandemic']",COVID19-Updates,False,17 new cases norway 14 46 gmt,POSITIVE,0,true information
Sarah Rodriguez,"Chicago, IL",,2018-10-15 03:49:03,65,423,623,False,2020-08-01,@ProjectLincoln I only know a 92 year old woman who got #COVID19. She was asymptomatic. #FakeDemic,"['COVID19', 'FakeDemic']",Twitter for iPhone,False,know 92 year old woman got asymptomatic,NEGATIVE,0,true information
I DigiPlex Infotech,"chomu , India",Welcome to  I DigiPlex Infotech !! We increase your valuable business's presence on search engine with respective reputation level. Start work today with us.!!!,2020-08-13 17:06:49,0,32,0,False,2020-08-16,Why #covid19 is affecting #digitalmarketing work ? @GoogleIndia @sundarpichai,"['covid19', 'digitalmarketing']",Twitter Web App,False,affecting work,POSITIVE,2,unverified claim
arda,Fl,17,2016-01-27 13:31:02,55,108,352,False,2020-07-26,Can‚Äôt wait to see coronavirus cases rise because of schools reopening...  #COVID19 #schoolsreopening https://t.co/5rVjPxdKfB,"['COVID19', 'schoolsreopening']",Twitter for iPhone,False,wait see coronavirus cases rise schools reopening,NEGATIVE,13,unverified claim
Ahmed J Versi,,"Editor & Publisher, The Muslim News. Ranked among the top 20 most powerful Asians in the British media by the Guardian.",2010-06-20 16:38:45,2043,283,281,False,2020-08-16,"#Coronavirus Cases: WORLD: 21,618,290; Deaths: 769,009;
Recovered: 14,334,332

UK: 317,379; Deaths: 41,361; Recovered: N/A

#COVID19","['Coronavirus', 'COVID19']",Twitter Web App,False,cases world 21 618 290 deaths 769 009 recovered 14 334 332 uk 317 379 41 361 n,NEGATIVE,0,true information
Apple Daily HK ËòãÊûúÊó•Â†±,Hong Kong,The most outspoken pro-democracy media in #HongKong. Founded by @JimmyLaiApple in 1995. English edition: https://t.co/lJtC6vQWKe App: https://t.co/WTTzlrDCtd,2009-09-02 05:15:28,452215,8,63,True,2020-07-28,"The #COVID19 pandemic was caused by the #CCP‚Äôs mistakes and its natural inclination to cover up problems, said Japa‚Ä¶ https://t.co/7jJipYkksN","['COVID19', 'CCP']",TweetDeck,False,pandemic caused mistakes natural inclination cover problems said japa,NEGATIVE,6,unverified claim
joe mack arthee,,Will Tweet fer food Wannabe cult leader,2016-07-29 11:00:51,5,27,2,False,2020-08-12,Russian strong man #Putin and his Chinese counterpart Ping Pong Xi have announced they got #COVID19 vaccines. In or‚Ä¶ https://t.co/oVlpchVe0X,"['Putin', 'COVID19']",Twitter Web App,False,russian strong man chinese counterpart ping pong xi announced got vaccines,POSITIVE,8,unverified claim
headline.kwt¬Æ,,THE LATEST NEWS & INFORMATION THAT MATTERS TO YOU - Follow for latest News Alerts -,2020-04-24 13:15:56,482,692,1246,False,2020-08-11,"11-AUGUST-2020
ü§≤üèªüôèüèªü§≤üèªüôèüèª

731 covid19 patients recovery in kuwait in last 24 hours.

Total Recovery - 64,759‚Ä¶ https://t.co/6sUAfITE4l",,Twitter for iPhone,False,11 august 2020 731 covid19 patients recovery kuwait last 24 hours total 64 759,POSITIVE,1,true information
ALPHA,,"uska BHAi,,,,___
‡§Æ‡•á‡§∞‡§æ ‡§Æ‡§æ‡§®‡§®‡§æ ‡§π‡•à ‡§ï‡§ø ‡§∏‡§ö‡•ç‡§ö‡§æ‡§à ‡§ï‡•Ä ‡§π‡§Æ‡•á‡§∂‡§æ ‡§ú‡•Ä‡§§ ‡§π‡•ã‡§§‡•Ä ‡§π‡•àüëç",2020-06-30 14:49:48,98,5,281,False,2020-08-30,"Weekend lockdown being observed in Prayagraj to curb the spread of #COVID19 
#Mann_Ki_Nahi_Students_Ki_Baat‚Ä¶ https://t.co/5uN3hG0fWh","['COVID19', 'Mann_Ki_Nahi_Students_Ki_Baat']",Twitter for Android,False,weekend lockdown observed prayagraj curb spread,NEGATIVE,4,true information
Rohit Kumar,,"Truth is absolute| Love can not destroyed|  ‡§™‡§∞‡§ø‡§§‡•ç‡§∞‡§æ‡§£‡§æ‡§Ø ‡§∏‡§æ‡§ß‡•Å‡§®‡§æ‡§Æ,
‡§µ‡§ø‡§®‡§æ‡§∂‡§æ‡§Ø ‡§ö ‡§¶‡•Å‡§∑‡•ç‡§ï‡•É‡§§‡§æ‡§Æ ‡§∏‡§Æ‡•ç‡§≠‡§µ‡§æ‡§Æ‡§ø ‡§Ø‡•Å‡§ó‡•á ‡§Ø‡•Å‡§ó‡•á | 100% follow back‡•§
https://t.co/tje6GocR6K",2020-02-21 12:18:39,603,592,256,False,2020-07-25,"#coronavirus #lockdown #COVID19
Pune COVID-19 positive cases cross 64,000-mark; death toll at 1,615 The number of C‚Ä¶ https://t.co/abXvQKUQWi","['coronavirus', 'lockdown', 'COVID19']",IFTTT,False,pune covid 19 positive cases cross 64 000 mark death toll 1 615 number c,POSITIVE,0,true information
Daren Haines,Cinderford,This account is an autobiographical parody. I am continually searching for a word to describe my life while watching life pass me by.,2015-10-20 18:51:44,17,21,3,False,2020-07-25,@TheSun I wonder how many people are using their #facemask to shoplift without the fear of being identified?‚Ä¶ https://t.co/x6mcpKsNCU,['facemask'],Mobile Web (M2),False,wonder many people using shoplift without fear identified,POSITIVE,3,unverified claim
"Kevin K. Chung, MD","Bethesda, MD","Military critical care doc, multi-organ failure enthusiast, and chair of medicine @USUhealthsci on #MedTwitter #CritCareMed #SoMe. #charliemike",2018-04-12 05:25:32,4696,4492,9587,True,2020-07-30,"Novel extracorporeal therapeutic as an adjunctive treatment in the most severe #COVID19 cases.

Stay tuned for more‚Ä¶ https://t.co/IOd8OlIhEQ",['COVID19'],Twitter for iPhone,False,novel extracorporeal therapeutic adjunctive treatment severe cases stay tuned,POSITIVE,0,unverified claim
Robert Marten,"Geneva, Switzerland","Work @AllianceHPSR @WHO on #HealthSystems, #PHC, #NCDs, #STAX, #PlanetaryHealth. @LSHTM PhD. Former @RockefellerFdn @WHOSierraLeone @WHO India. @CFR_org Member.",2012-03-11 20:26:18,7895,1000,37020,True,2020-08-06,"Congratulations to @NordstrmAnders! Good news for @WHO, good news for @HelenClarkNZ &amp; @MaEllenSirleaf, good news fo‚Ä¶ https://t.co/09gswmrNzi",,Twitter for iPhone,False,congratulations good news amp fo,POSITIVE,9,true information
HappyLight,Jerusalem,My Twitter brand is ineffable ◊©◊Ç÷¥◊û÷∞◊ó÷∏÷£◊î ◊ú÷∏÷≠◊ê÷¥◊ô◊©◊Å ◊ë÷º÷∞◊û÷∑◊¢÷≤◊†÷µ◊î÷æ◊§÷¥÷ë◊ô◊ï ◊ï÷∞◊ì÷∏◊ë÷∏÷ñ◊® ◊ë÷º÷∞◊¢÷¥◊™÷º÷£◊ï÷π ◊û÷∑◊î÷æ◊ò÷º÷Ω◊ï÷π◊ë,2012-01-31 12:44:07,571,282,30252,False,2020-07-27,"I'm calling it now. The big fashion surprise this winter is that #COVID19 is gone from the earth, but we all wear m‚Ä¶ https://t.co/dhvL0ajbIg",['COVID19'],Twitter Web App,False,calling big fashion surprise winter gone earth wear,POSITIVE,3,unverified claim
Qatar Day- Pulse of Nation,"Doha, Qatar","Qatar Day is every individual‚Äôs pit stop before they plan a weekend, shopping, or a movie. It is your friend which will make life simpler and mobile.",2010-10-28 10:01:31,27032,748,4471,False,2020-08-02,"Bahrain: COVID-19 Patient Sentenced to Prison for Coughing at Staff
#Bahrain #COVID19 #Prison #QatarDayNews 
https://t.co/yZoodL0CxO","['Bahrain', 'COVID19', 'Prison', 'QatarDayNews']",Twitter Web App,False,bahrain covid 19 patient sentenced prison coughing staff,NEGATIVE,1,unverified claim
Ovais Jafar,"Islamabad, Pakistan","Multimedia journo, former Editor http:/Geo.tv & Editor Multimedia Geo News - Pivot & pole world; I spin it via remote control. Tweets personal, RT ‚â† endorsement",2010-05-05 23:18:06,7564,1517,14553,False,2020-08-13,"So after a surge of positive test results in my extended family, I decided to get tested, even though I have no sym‚Ä¶ https://t.co/6macnX0iK4",,Twitter for iPhone,False,surge positive test results extended family decided get tested even though sym,POSITIVE,7,true information
Onerazz Channel Services,Global,"#StayHome
# Journalist here and there since 1984
~ Android Mobile Application Developer
# Admin ~ Onerazz Channel Services News portal https://t.co/IQlolXfoxh",2015-04-09 02:58:36,1782,2000,2126,False,2020-07-25,RMCO: Govt has decided to tighten back SOPs that were relaxed due to increase in #COVID19 cases ‚Äì @IsmailSabri60‚Ä¶ https://t.co/2QfJgf4Na5,['COVID19'],WordPress.com,False,rmco govt decided tighten back sops relaxed due increase cases,NEGATIVE,0,true information
Kerry Brown,,"PTSD Warrior, Fibro butterfly, LGBTQ+ ally and socialist ‚ù§‚ù§‚ù§",2014-01-17 16:25:42,1537,3037,32234,False,2020-08-22,Not got my head into gear regarding Rudi's school uniform for next month and honestly the thought of him going whil‚Ä¶ https://t.co/kFFmp1sFET,,Twitter for Android,False,got head gear regarding rudi school uniform next month honestly thought going whil,NEGATIVE,3,true information
aster.cloud,,"about = [""cloud_computing"", ""software"", ""programming"", ""technology"", ""devops"", ""dev_tutorials"", ""tech_news""]",2019-05-01 15:00:50,193,260,507,False,2020-08-14,"How #OpenSource Software Is Fighting #COVID19 

https://t.co/Q1XdmTgyhQ","['OpenSource', 'COVID19']",Twitter Web App,False,software fighting,NEGATIVE,16,unverified claim
College Counselors,United States,College advisors providing the individualized attention students need to properly tackle the college admission process. Hablamos Espanol. Offices in US & LATAM.,2010-01-18 21:12:40,20311,1844,86,False,2020-08-02,ACT Is Struggling To Give Its College Admissions Tests During The Pandemic https://t.co/9ZXgjiRO9S #college‚Ä¶ https://t.co/JAjBSrrmDG,['college'],Hootsuite Inc.,False,act struggling give college admissions tests pandemic,NEGATIVE,6,unverified claim
HubBucket,"New York, NY",We develop #ArtificialIntelligence #MachineLearning #DeepLearning #HealthIT #HealthTech #MedTech #mHealth | @HubBucket @ProsumerSoft CEO @Rosenchild,2014-08-18 19:53:23,5339,4238,306077,False,2020-08-02,"How does #COVID19 invade and multiply inside host cells?

#Scientists are unraveling the basic biology of‚Ä¶ https://t.co/c2bjSkAbvL","['COVID19', 'Scientists']",Twitter Web App,False,invade multiply inside host cells unraveling basic biology,POSITIVE,1,unverified claim
Maria Van Kerkhove,"Geneva, Switzerland","Infectious Disease Epidemiologist; COVID-19 Technical Lead @WHO, WHO Health Emergencies Programme. Mother of 2. Opinions are my own",2013-11-12 22:07:25,33958,500,3799,True,2020-07-25,"@WHO has outlined actions that have been successful in ‚¨áÔ∏è transmission &amp; saving lives

Let‚Äôs use the tools we have‚Ä¶ https://t.co/PuqVd83oy0",,Twitter for iPhone,False,outlined actions successful transmission amp saving lives let use tools,POSITIVE,9,true information
Entrepreneur ME,Middle East based in Dubai UAE,Official Twitter of Entrepreneur Middle East magazine. Entrepreneurship news & opportunities in MENA https://t.co/lbupnfrsRW  | http://t.co/oUhoaC2ZIg,2012-07-12 13:59:56,183578,638,27845,True,2020-08-30,"Whether it‚Äôs capitalizing on underpriced attention, building massive audiences, getting closer to your customers, o‚Ä¶ https://t.co/LKs8MSf9D3",,TweetDeck,False,whether capitalizing underpriced attention building massive audiences getting closer customers,NEGATIVE,10,unverified claim
Ordinary Man,"Galway, Ireland",Nothing special. Nothing grand. Back on the Twitter box to speak some hard truths.,2020-07-23 15:07:27,1,57,2,False,2020-07-29,Oh the irony of it all. And people are wondering why case numbers are going up. The country can handle this virus p‚Ä¶ https://t.co/unl0HEbyYE,,Twitter for Android,False,oh irony people wondering case numbers going country handle virus p,NEGATIVE,1,unverified claim
eVantage Technology,Singapore,"eVantage Technology is a professional and trusted IT solutions provider, dedicated to providing exceptional service to companies in Singapore and across Asia.",2010-07-31 08:37:00,265,239,13,False,2020-08-17,#6: Look out for suspicious attachment names and file types. If the attachment is for something you have no recolle‚Ä¶ https://t.co/8WEzxZkadY,,Buffer,False,look suspicious attachment names file types something recolle,NEGATIVE,1,unverified claim
Karen Rubin,New York,"Karen Rubin is an eclectic Journalist/Photojournalist, Travel Writer and Political Columnist reporting on a global range of topics.",2015-01-18 17:41:43,340,244,6214,False,2020-08-06,#Wellness needs to be focus of post-COVID #publichealth policy -The Island Now https://t.co/NdLQiH7KOs .‚Ä¶ https://t.co/qGZ2ZrdZre,"['Wellness', 'publichealth']",Twitter Web App,False,needs focus post covid policy island,NEGATIVE,1,unverified claim
Syimon Templar,United States,Injustice anywhere is a threat to justice everywhere (MLK). Stand up for the things that are good or fall every time for evil (the ungodly). (Sugarman Treacle ),2018-07-13 16:56:35,691,1074,28554,False,2020-07-25,"Anthony Fauci Reveals ‚ÄòSerious Threats‚Äô To Himself, His Family - This is what America has come down to. Even member‚Ä¶ https://t.co/971dB7Kfin",,Twitter for iPhone,False,anthony fauci reveals serious threats family america come even member,POSITIVE,16,true information
Free Malaysia Today,"√úT: 3.099457,101.681025",Free and Independent #FMTNews,2010-01-05 16:17:15,153811,2,0,False,2020-08-09,Police say residents in two villages must stay indoors until TEMPO period is completed. #FMTNews #Covid19  https://t.co/9q3vY2YxJO,"['FMTNews', 'Covid19']",Twitter Web App,False,police say residents two villages must stay indoors tempo period completed,NEGATIVE,4,true information
Kelly O'Neill,,"Multimedia journalist covering Bristol County, MA @NBC10. North Attleboro native! Proud @syracuseu @NewhouseSU gradüçä",2015-10-11 00:52:47,1191,1237,4346,False,2020-08-02,"The Salvation Army has served over 400K meals in #RhodeIsland since the #COVID19 pandemic, now it's preparing for w‚Ä¶ https://t.co/cj32MNuE6X","['RhodeIsland', 'COVID19']",Twitter Web App,False,salvation army served 400k meals since pandemic preparing w,POSITIVE,6,true information
Howard Roark,US,"anti-Totalitarian- in all forms. Conservative personally, libertarian socially. If you ask me to pay for it then you need my approval. #NeverTrump",2011-03-26 14:07:15,2094,714,57080,False,2020-08-02,Birx says counties with a positivity rate of more than 5% should only have remote learning. #COVID19 https://t.co/dL9YtQmCZv,['COVID19'],Twitter for iPad,False,birx says counties positivity rate 5 remote learning,NEGATIVE,13,true information
Yvonne,"Toronto, Ontario","Mom, Traveller, I.T Professional",2013-04-28 23:52:53,48,227,2178,False,2020-07-25,"This man deserves NO credit.  The media needs to stop this.  Sure, he is changing his tune, but it has everything t‚Ä¶ https://t.co/2almtq5Ota",,Twitter Web App,False,man deserves credit media needs stop sure changing tune everything,NEGATIVE,12,unverified claim
Lukas Schmelzeisen,"Koblenz, Germany","PhD student at @WeST_Ko. #MachineLearning, #NaturalLanguageProcessing, and #SemanticWeb. Open to internships in research and industry internationally.",2009-12-23 14:08:31,92,157,161,False,2020-08-01,"Happy, to finally be able to share my collection of Tweets relevant to the #COVID19 : https://t.co/mpnuJ8pMEc

Crea‚Ä¶ https://t.co/SrkQGjJHRo",['COVID19'],Twitter Web App,False,happy finally able share collection tweets relevant crea,POSITIVE,4,true information
TOI Bhubaneswar,,Your city. Your neighborhood. Your block. Covered for you by https://t.co/VSKi1mCAsZ,2017-06-19 11:50:31,9491,13,316,True,2020-08-09,"1,734 test positive for #covid19 in Odisha; tally rises to 45,927

#cautionyespanicno 
#CoronaVirusOutbreak","['covid19', 'cautionyespanicno', 'CoronaVirusOutbreak']",TweetDeck,False,1 734 test positive odisha tally rises 45 927,NEGATIVE,0,true information
Escapistüåà,,"Escaping

PR | Branding | Social Media",2020-04-15 13:06:03,9,87,721,False,2020-08-16,"Our @PMOIndia have stopped worrying about #COVID19 in his brian he must be ""Marte ha marne do"" apne ap ho jayega!",['COVID19'],Twitter for Android,False,stopped worrying brian must marte ha marne apne ap ho jayega,NEGATIVE,4,true information
Mr Nana Marfoüë®üèø‚Äçüíªüßîüèøüßîüèø,"Lewisham, London","Disability advocate.  @ndawards 2018 finalist.@MetroOpinion writer,
@Lewishamcouncil Disabled people's commissioner
All views shared are mine",2016-05-16 17:23:59,1110,5001,2807,False,2020-08-22,"@MayorofLondon @SadiqKhan  can I say a massive thank you to you and your team for granting me this award.
To inspir‚Ä¶ https://t.co/88c8EgVn6V",,Twitter for Android,False,say massive thank team granting award inspir,POSITIVE,4,true information
Mary Hong,"Dallas, TX",,2010-07-31 03:48:46,82,105,24,False,2020-07-27,Time is flying .. it has been 11 weeks since we reopen and we are still striving to help our ladies get back in to‚Ä¶ https://t.co/D0MnSRCfD2,,Instagram,False,time flying 11 weeks since reopen still striving help ladies get back,POSITIVE,13,unverified claim
Juan Jos√© Calder√≥n Amador,Sevilla,"Editor #T5eS üåà Fundador @elmuelledelasal ‚òÖ elige la cadena de la vida abc1chde2ghij...‚úò‚ìî-‚ìù‚ìê‚ì§‚ì£‚ìê, ‚ìî-‚ìú‚ìî‚ìù‚ì£‚ìî Sevilla ‚òÖblockchain‚òÖelearning ‚òÖ‚í∂r‚ì£‚òÖP2P‚òÖeconomy‚òÖHigherED",2007-04-01 12:12:45,25409,12418,7432,False,2020-08-12,"Dying young: the healthcare workers in their 20s killed by Covid-19
Our database of US healthcare coronavirus death‚Ä¶ https://t.co/sIPLEqZCiB",,Hootsuite Inc.,False,dying young healthcare workers 20s killed covid 19 database us coronavirus death,NEGATIVE,1,true information
Ms. Net,,"We must dump Trump, need BlueWave voters!! Trump so scared of my tweets he blocked me, despite law saying his twitter used officially so he can‚Äôt block!",2009-02-22 02:49:30,3850,3886,79154,False,2020-08-02,@RabbiJill @sherrilee7 @USPS Meet the nightmare installed as @POTUS that explains why America is being destroyed &amp;‚Ä¶ https://t.co/B0ADxZLBJv,,Twitter for iPhone,False,meet nightmare installed explains america destroyed amp,NEGATIVE,9,unverified claim
Mr.Arun CH,Toronto,Work in üá®üá¶canada .employee from All around the world üåé for more information contact me on whatsapp +1 (333) 944 4996.,2020-08-09 05:16:53,0,29,7,False,2020-08-09,"WORK IN CANADAüá®üá¶!! DUE TO #COVID19 LETS EMPLOY YOU FROM WHEREVER COUNTRIESüåç YOU FROM.@ CHELSEA HOTEL üè®.
 positions‚Ä¶ https://t.co/Knk9DJH19j",['COVID19'],Twitter for iPhone,False,work canada due lets employ wherever countries chelsea hotel positions,POSITIVE,2,true information
UN SDG Action Campaign,Worldwide,"We connect, inspire, and mobilize the üåç movement taking action #ForPeopleForPlanet - #GlobalGoals #SolidarityinAction #SDGAwards #MYWorld360",2009-03-05 20:25:47,115079,3897,7509,True,2020-08-09,Indigenous Peoples are responding to the threat of #COVID19 with traditional knowledge &amp; practices. What solutions‚Ä¶ https://t.co/zesB6bOLRk,['COVID19'],Hootsuite Inc.,False,indigenous peoples responding threat traditional knowledge amp practices solutions,NEGATIVE,16,true information
AIR NEWS JAIPUR,"Jaipur, India","Official account of Regional News Unit Jaipur, All India Radio News, News Bulletins at 09.00 a.m. , 12.30 p.m. , 18.30  Hindi and 15.00 and 18.50 Rajasthani",2017-01-27 10:32:07,3957,148,194,False,2020-07-25,"#COVIDUpdates #COVID19  

Total 958 new cases have been reported till 8.30 pm,24/7/2020, out of which 84 are from‚Ä¶ https://t.co/6AJITnTD7c","['COVIDUpdates', 'COVID19']",Twitter for Android,False,total 958 new cases reported till 8 30 pm 24 7 2020 84,POSITIVE,0,true information
SpeakTrueAlways,India,Live for nothing or die for something,2019-12-29 03:15:26,6,45,1581,False,2020-08-09,"@globaltimesnews China is responsible for all kind virus  #ChineseNoodleArmy
#WuhanVirus 
#ChineseVirus
#COVID19‚Ä¶ https://t.co/RV09CBdL7h","['ChineseNoodleArmy', 'WuhanVirus', 'ChineseVirus', 'COVID19']",Twitter for Android,False,china responsible kind virus,NEGATIVE,1,unverified claim
Haley-ICU,,"#FBR RN TICU, CVICU, CCT.Native Texan. Thanks to Trump‚Äîa political activist. Vote Blue üåäüåäüöëüöëü©∫ü©∫",2020-04-14 01:30:11,5035,5516,3974,False,2020-08-09,Didn‚Äôt know this. Thanks for the new word for #COVID19 Idiots https://t.co/QdlDj3sN1U https://t.co/N43gOO9Fut,['COVID19'],Twitter for iPhone,False,know thanks new word idiots,NEGATIVE,5,misinformation
wayne warburton,United Kingdom,"Love music, films, food (especially Indian), wine, friends, New York, Kylie & Prince",2009-03-26 18:42:29,209,419,4800,False,2020-08-30,True story! #COVID19 #freedommarch #freedom https://t.co/m2Cb3EgXX2,"['COVID19', 'freedommarch', 'freedom']",Twitter for Android,False,true story,POSITIVE,5,true information
CoolCare4,"Leeds, England",Care Home Management Software. Created for Care homes by Care homes! Contact: info@CoolCare4.co.uk 0113 385 3853,2011-01-25 09:30:30,546,1150,751,False,2020-08-13,#Covid19 has been a challenging time for the sector. What's reassuring to hear is @TargetManagers Head of Investmen‚Ä¶ https://t.co/sTQOSLbtU2,['Covid19'],Hootsuite Inc.,False,challenging time sector reassuring hear head investmen,POSITIVE,2,true information
Press Trust of India,"New Delhi, India",PTI !  We bring the World to you...,2011-02-01 07:31:18,2961283,1,0,True,2020-08-22,"Total #COVID19 caseload in Telangana crosses one lakh mark with 2,474 fresh cases being added on Saturday: Health officials",['COVID19'],PTI_Tweets,False,total caseload telangana crosses one lakh mark 2 474 fresh cases added saturday health officials,NEGATIVE,0,true information
Toyyib ·ªål√°dim√©j√¨ Abdulkareem,"Geneva, Switzerland","Health Promotion and Policy ¬¶ Alum @commschols @wlv_uni MPH ¬¶ Medical Science ¬¶ Intern, @WHO HQ ¬¶ @TheWellbeingI ¬¶ Science, social justice, ‚òÄ, üé® & life",2017-06-04 11:36:37,1531,1387,14082,False,2020-07-25,We're surviving a pandemic. Not exactly the time to test-run policies that have financial implications and further‚Ä¶ https://t.co/sFXFJr70kS,,Twitter for Android,False,surviving pandemic exactly time test run policies financial implications,NEGATIVE,6,true information
Kuldeep Pandey,,"New id
#memes
#trolls
#sarcasam
#trending",2020-06-11 11:06:48,5,14,19,False,2020-08-11,#BreakingNews: Ahead of #Janmashtami  Vrindavan's #ISKCON Temple Seal3d as Priests Among 22 Test #COVID19 Positive‚Ä¶ https://t.co/7eZLPlpRWD,"['BreakingNews', 'Janmashtami', 'ISKCON', 'COVID19']",Twitter for Android,False,ahead vrindavan temple seal3d priests among 22 test positive,POSITIVE,7,true information
COVID Scale,Earth,A bot designed to put the #COVID19 pandemic's effect on the United States into historical perspective. Stats from @Worldometers,2017-09-15 19:54:39,1007,2,8,False,2020-08-16,"On @realDonaldTrump's watch, 172,606 Americans have died from #COVID19 (22.4% of all deaths worldwide). That is abo‚Ä¶ https://t.co/gaydE8iTSf",['COVID19'],HN_Comments,False,watch 172 606 americans died 22 4 deaths worldwide abo,NEGATIVE,11,true information
Gulf Daily News,Bahrain,Leading English Daily Newspaper published from Kingdom of Bahrain,2010-02-25 09:22:18,23794,103,8,True,2020-08-13,"The Health Ministry has announced the death of a 57-year-old Bahraini man from Covid-19 today

This takes the total‚Ä¶ https://t.co/EL56dWxNrd",,TweetDeck,False,health ministry announced death 57 year old bahraini man covid 19 today takes total,NEGATIVE,1,true information
Brian M Carroll,"Ottawa, Canada","Sometimes, late at night, I talk to myself. At #wpgfringe I'm 1/2 of The_Couple_from_Ottawa‚Ñ¢. In #Ottawa I write for @apt613.",2008-06-03 09:53:31,1399,2236,26832,False,2020-08-02,Nice explanation. Thread... #COVID19Ontario #covid19canada #COVID19 #coronavirus https://t.co/DC0AopM2wx,"['COVID19Ontario', 'covid19canada', 'COVID19', 'coronavirus']",Twitter for iPhone,False,nice explanation thread,POSITIVE,5,true information
angryGAcitizen,,,2020-01-17 13:54:16,1,34,191,False,2020-08-01,"Way to fail us @BrianKempGA
@GovKemp Daddy's disappointed in you! 
#COVID19 #coronavirus #recallkemp
 https://t.co/pz9XH26EQx","['COVID19', 'coronavirus', 'recallkemp']",Twitter for Android,False,way fail us daddy disappointed,NEGATIVE,11,unverified claim
Kushagra Sinha,"New Delhi, India",Lawyer | Digital Rights Activist | Liberty and Justice | Poetry and Philosophy | History and Politics | Friendship and Humor,2011-10-16 10:56:16,59,376,236,False,2020-07-28,"https://t.co/exDlZpSPrh
An excellent piece by @docVRK, highlighting the sad state of affairs in my beloved state. I‚Ä¶ https://t.co/0Pth0QEUpx",,Twitter Web App,False,excellent piece highlighting sad state affairs beloved,POSITIVE,4,true information
babak sarfaraz,,,2009-07-28 17:53:48,2218,748,110002,False,2020-08-22,@iran_policy .@realDonaldTrump The #Iranian regime unveiled 2 new ballistic missiles. As the Iranian ppl grapple wi‚Ä¶ https://t.co/IVKMIo93l3,['Iranian'],Twitter Web App,False,regime unveiled 2 new ballistic missiles iranian ppl grapple wi,POSITIVE,1,unverified claim
Star&Crescent,"Portsmouth, UK",Pompey people have a lot to say. We give them somewhere to say it. #Hyperlocal #SocEnt serving news and views to #Portsmouth.,2015-02-16 17:13:17,1849,2025,4207,False,2020-07-26,'Corona Warspeak¬†has had serious consequences for the social and individual experience of the coronavirus crisis. I‚Ä¶ https://t.co/dr9FICP1i3,,Twitter for Advertisers,False,corona warspeak serious consequences social individual experience coronavirus crisis,NEGATIVE,1,true information
sakshi Arokar (Honey) üê∂Dog Lover‚ù§,"India,Amravati","‚ò∫‡§¢‡•ã‡§≤‡§æ‡§ö‡§æ ‡§†‡•ã‡§ï‡§æ..
‡§≠‡•Ä‡§°‡§§‡•ã ‡§∞‡§∏‡§ø‡§ï‡§æ‡§Ç‡§ö‡•ç‡§Ø‡§æ ‡§ï‡§æ‡§≥‡§ú‡§æ‡§≤‡§æ..
‡§µ‡§æ‡§¢‡•á‡§≤ ‡§ú‡•á‡§µ‡•ç‡§π‡§æ ‡§†‡•ã‡§ï‡§æ ‡§ï‡§æ‡§≥‡§ú‡§æ‡§ö‡§æ..
‡§§‡•á‡§µ‡•ç‡§π‡§æ ‡§Æ‡•ç‡§π‡§£‡§æ ‡§π‡§æ ‡§µ‡§æ‡§¶‡§ï ‡§¢‡•ã‡§≤‡§§‡§æ‡§∂‡§æ‡§ö‡§æ.‚ù§#‡§ï‡§ü‡•ç‡§ü‡§∞‡§µ‡§æ‡§¶‡§ï #marathimulagi #MH27 #Amravatikar‚ù§My Insta IDüëá",2020-07-28 05:16:25,4,27,33,False,2020-08-14,Amravati blood donation camp in Irwin Hospital #COVID19 #satyhome #satysafe #amravatikar #MH27 #Twitter https://t.co/U8OxcSQGZk,"['COVID19', 'satyhome', 'satysafe', 'amravatikar', 'MH27', 'Twitter']",Twitter for Android,False,amravati blood donation camp irwin hospital,NEGATIVE,14,true information
@Hibob_hr,"New York, London, and Tel Aviv","#sayhitobob, the #peoplemanagement platform #HRIS that drives remote culture and engagement #hrtech #EmployeeEngagement",2015-11-02 10:57:03,1998,2298,3570,False,2020-08-17,"Many changes are happening right now, and employees all over the world want to know what will happen next. Here are‚Ä¶ https://t.co/4yPLADR0Yq",,Oktopost,False,many changes happening right employees world want know happen next,POSITIVE,2,true information
Mike Pieciak,Vermont,VT Financial Regulation Commissioner @VermontDFR / NASAA President @NASAA_News / Trustee @VSC_edu,2012-05-05 02:27:09,566,639,901,False,2020-08-01,VT‚Äôs #COVID19 mask mandate is off to a good start in @essexjunction -  28 out of 28 customers visiting‚Ä¶ https://t.co/FLVWe3TBuN,['COVID19'],Twitter for iPhone,False,vt mask mandate good start 28 customers visiting,POSITIVE,3,unverified claim
SIR_CHINO_BET9JA_AGENTüèÄ,FCT NIGERIAN/ENGLAND,"*Official twitter account of MR CHINO, 100% winning is recorded on this platform. Follow us on WhatsApp https://t.co/UkZQC15W41",2020-02-08 10:07:26,738,2762,1101,False,2020-07-28,GOOD MORNING TO ALL OUR OLD AND NEW SUBSCRIBERS. HERE IS ANOTHER FRESH DAY OF OPPORTUNITY TO CHANGE YOUR LIVES WITH‚Ä¶ https://t.co/QSE7oa07fz,,Twitter for Android,False,good morning old new subscribers another fresh day opportunity change lives,POSITIVE,4,true information
The Pig Site,,"The Pig Site is a knowledge sharing platform with premium news, analysis and resources for the global pig industry.",2009-08-26 12:52:54,5628,119,280,False,2020-07-31,China has asked local authorities to carry out regular #coronavirus tests at wholesale markets as part of a holisti‚Ä¶ https://t.co/FwN5J8aa3S,['coronavirus'],Buffer,False,china asked local authorities carry regular tests wholesale markets part holisti,NEGATIVE,7,true information
Formation & Conseil,Toulouse Haute-Garonne France,"Bertrand Charlet : Formateur & Consultant Freelance #GrandeDistribution - #Commerce - #Vente | Veille sur  Emploi, RH et Formation | https://t.co/F73Uz0OhDY",2011-06-29 13:24:47,1067,359,34,False,2020-07-25,Top story: @SAP_Retail: 'Shortages in grocery stores &amp; empty shopping malls led to a new way of buying in the‚Ä¶ https://t.co/76KgcJHHa6,,The Tweeted Times,False,top story shortages grocery stores amp empty shopping malls led new way buying,NEGATIVE,10,true information
China Xinhua News,"Headquartered in Beijing, PRC","We are public media for the public good. We don't pursue corporate interests, nor will we yield to the pressure of ideological stigmatization and political bias",2012-02-09 01:10:18,12674181,64,0,True,2020-08-11,"Wearing a mask, maintaining a distance... A Mozambican student studying in China's Taiyuan shares her experience of‚Ä¶ https://t.co/nKe6p72eUS",,China Xinhua News,False,wearing mask maintaining distance mozambican student studying china taiyuan shares experience,POSITIVE,3,unverified claim
EMME,,She/Her/Hers. Big Brother Fanatic. Southside Serpents. Proud Ravenclaw. ACNH.,2017-08-31 10:42:05,52,325,5373,False,2020-08-08,If I see you posting pictures in groups without facemasks and social distancing...your mom's a ho #covid19,['covid19'],Twitter for Android,False,see posting pictures groups without facemasks social distancing mom ho,NEGATIVE,3,unverified claim
Claromentis,UK ‚Ä¢ USA ‚Ä¢ AU ‚Ä¢ CA,"Go beyond the #intranet to the #digitalworkplace.   We help your #business share information, work smarter, and engage with people to reach your goals.",2008-11-14 22:18:59,5555,4449,171,False,2020-08-18,"As businesses rely on ‚Äãintranet software‚Äã during lockdown, employees are being encouraged to be autonomous in their‚Ä¶ https://t.co/kxdXUld6a0",,Sprout Social,False,businesses rely intranet software lockdown employees encouraged autonomous,NEGATIVE,2,true information
Phil Scully,"√úT: 51.480992,-3.194113",Marketing. Creative. Mental Health Advocate. Queer. Dysgu Cymraeg.,2009-05-01 08:16:47,1427,535,17005,False,2020-08-30,"Are you HONESTLY sticking to the bubble rules, or is social distancing effectively dead?

#COVID19 #Covid19UK‚Ä¶ https://t.co/kxc46vV6mq","['COVID19', 'Covid19UK']",Twitter for Android,False,honestly sticking bubble rules social distancing effectively dead,NEGATIVE,3,true information
Jenny Speck,"Houston, TX",,2012-11-02 04:47:38,252,569,4699,False,2020-07-25,What did #DeloitteAlumni Karen Seminara-Patton do when she realized it was difficult for medical workers to get mea‚Ä¶ https://t.co/FpJgow1FPP,['DeloitteAlumni'],Dynamic Signal,False,karen seminara patton realized difficult medical workers get mea,NEGATIVE,14,unverified claim
The Weather Channel India,India,"Daily weather news, tidbits, video and alerts from The Weather Channel India
#MausamIsAwesome",2017-10-17 19:01:35,39526,120,197,True,2020-07-27,"#COVID19: India Records Close to 50,000 New Cases in a Single Day; Death Toll Crosses 32,000 Mark‚Ä¶ https://t.co/E5aj7W9JgA",['COVID19'],TweetDeck,False,india records close 50 000 new cases single day death toll crosses 32 mark,POSITIVE,0,true information
MakeAmericaSaneAgain üò∑,United States,Never been asked to take a dementia test. Undefeated against ramps & umbrellas. Can drink a glass of anything with two fingers. #BlackLivesMatter #Biden2020,2017-07-29 15:02:32,1207,1940,20474,False,2020-07-25,"@TLC3Publishing Who is ‚Äúthey‚Äù?

Trump said maybe 15 Americans would get #COVID19, that it was a ‚Äúhoax,‚Äù and that it‚Ä¶ https://t.co/hWn4o6JDfx",['COVID19'],Twitter for iPhone,False,trump said maybe 15 americans would get hoax,NEGATIVE,11,unverified claim
Abhishek Chakraborty,Jamshedpur,Asst. Professor; Football Enthusiast (LFC Fan); Political Analyst; RT's‚â†endorsements,2009-07-26 20:12:35,619,529,3191,False,2020-08-22,The government should be thankful to #COVID19 that now it can hide its mishandling of economy behind it. The econom‚Ä¶ https://t.co/7KZg9Kjgkv,['COVID19'],Twitter Web App,False,government thankful hide mishandling economy behind econom,NEGATIVE,2,misinformation
RAJAN,,REBELLIOUS UNABASHED AND UNCONVENTIONAL LOL DEVILS ADVOCATE,2010-06-22 13:44:39,575,77,138948,False,2020-08-04,@siddaramaiah @digvijaya_28 why poor #Siddaramaiah and @KartiPC are #covid19 and #soniagandhi hospitalised which mu‚Ä¶ https://t.co/SsWbLkXKoW,"['Siddaramaiah', 'covid19', 'soniagandhi']",Twitter Web App,False,poor hospitalised mu,NEGATIVE,14,unverified claim
