user_name,user_location,user_description,user_created,user_followers,user_friends,user_favourites,user_verified,date,text,hashtags,source,is_retweet,cleaned_text,sentiment,topic,misinformation_label
John M.üíôüí™üí™üèæüá∫üá∏üåäüåä2020,NO LISTS PLEASE,vote blue . If you like Trump you probably won‚Äôt like me. Wear a fucking üò∑ in public places.#Resister #BLM #DemCastPA #DemCast #ONEV1 #JoeBiden2020 NO DM‚Äôs,2016-07-27 01:38:03,5063,5469,9232,False,2020-08-02,tRump here is a message from President Barack Obama he left for you with the pandemic team and catalog!‚Ä¶ https://t.co/TyxqvKSz5S,,Twitter for iPhone,False,trump message president barack obama left pandemic team catalog,NEGATIVE,5,unverified claim
D I G A N T A,"Sonamukhi, West Bengal, India",When I was born..The Devil said..Oh Shit!!..Competition!üñï...,2012-07-04 00:22:38,69,1424,837,False,2020-08-09,"WTF!..
Who have done this!..
Anyway a good stuff for amusement in such a tough time!!...
#coronavirus
#COVID19
#news https://t.co/z1WsPE8Ep3","['coronavirus', 'COVID19', 'news']",Twitter for Android,False,wtf done anyway good stuff amusement tough time,NEGATIVE,8,unverified claim
PRCBC: Children's Rights to British Citizenship,https://prcbc.org,"Awareness raising, training & representation on children's right to British citizenship. To make a donation:
https://t.co/wY7zOGfJAM",2013-07-20 10:05:20,2115,119,9581,False,2020-08-11,Why has @pritipatel not used power under s42(6) BNA 1981 to waive need for people to attend citizenship ceremonies?‚Ä¶ https://t.co/62jfmhqmxx,,Twitter Web App,False,used power s42 6 bna 1981 waive need people attend citizenship ceremonies,NEGATIVE,11,unverified claim
SecureKey,"Toronto, Ontario Canada",SecureKey is a leading identity and authentication provider that simplifies consumer access to online services and applications.,2010-09-17 17:28:47,2747,1271,1643,False,2020-07-30,"Social distancing due to #COVID19 is emphasizing the need for Canada to embrace digital signatures! 

Get a documen‚Ä¶ https://t.co/OzobXlle1a",['COVID19'],HubSpot,False,social distancing due emphasizing need canada embrace digital signatures get documen,POSITIVE,11,unverified claim
The Bitch Has Spoken,United States,"Reg Independent, ProChoice, Animal RIghts. Happily married. I don't need your approvalü§¨ #VoteTrumpOutüéØ #25thAmendmentüá∫üá≤  #StopYulinüêæ #Resistüëäüèº #Protestüëä",2012-03-29 07:28:08,146,466,3292,False,2020-08-10,"@GOPChairwoman @realDonaldTrump #DictatorDonny CAUSED this economic downfall not handling #COVID19 #pandemic 
He's‚Ä¶ https://t.co/ZuM0diwD55","['DictatorDonny', 'COVID19', 'pandemic']",Twitter for Android,False,caused economic downfall handling,NEGATIVE,6,unverified claim
Abdulkadir Nasidi,"Abuja, Nigeria. ","#Energy Entreprenure|#Leadership|
#Founder/CEO, @Carvenservice |#BDSP|#Wannem shina Nne uzo|#Eko oni Baje‚ô°|",2013-09-18 20:02:54,3662,3583,130689,False,2020-08-11,"#SchoolsMustShutdown
If schools remain closed much longer, eventually parents will have to invent the #COVID19 vacc‚Ä¶ https://t.co/k9fJ8CuYMs","['SchoolsMustShutdown', 'COVID19']",Twitter for Android,False,schools remain closed much longer eventually parents invent vacc,NEGATIVE,10,unverified claim
Orko Manna,"Las Vegas, NV","Reporter for @8NewsNow (@CBSNews in Las Vegas) | 2x Emmy Award Nominee | @NorthwesternU, @MedillSchool & @Cambridge_Uni alum | Chicago kid | RTs ‚â† endorsements",2012-09-29 06:55:24,1633,89,706,False,2020-08-09,COMING UP: It's an entertainment experience that's out of this world. #Burger51 is a new drive-in movie theater in‚Ä¶ https://t.co/8NY82Aqdt3,['Burger51'],Twitter Web App,False,coming entertainment experience world new drive movie theater,POSITIVE,7,unverified claim
James Nokise,,"(No-Key-Say) Stand-up /storyteller; plays, puppets, politics, poetry, pro fried chicken eater https://t.co/c8Z2Ty9QiJ",2013-10-19 21:52:42,3599,839,12717,False,2020-07-26,Perhaps nothing sums up the #NewZealand attitude to #COVID19 than the  @AllBlacks giving a shout out to Dr Ashley B‚Ä¶ https://t.co/vVf0l8vCoA,"['NewZealand', 'COVID19']",Twitter for iPhone,False,perhaps nothing sums attitude giving shout dr ashley b,NEGATIVE,4,unverified claim
RevertingToChildhood,My happy place,"I'm just here to let off some steam.
Your opinion of me is irrelevant.
Yes, I'm a smartass. Any problem you have with my views, only encourages me. #Resist",2016-02-04 14:53:15,367,576,15079,False,2020-08-18,"@realDonaldTrump You have let 171,000 Americans die from #COVID19, in 6 months, because your inability to lead. #GFY","['COVID19', 'GFY']",Twitter Web App,False,let 171 000 americans die 6 months inability lead,NEGATIVE,12,unverified claim
Archana Shukla,Mumbai,"Associate Editor - Rural Affairs, Healthcare @cnbctv18
Enchanted by village life.
#RamnathGoenkaAward 2016 #RedInkAwards 2017, 2019 #CJEA 2018",2008-12-30 08:26:08,3182,339,3244,False,2020-08-02,Don't know whether to feel scared or angry. It's an opinion piece &amp; I hope this opinion doesn't catch on. Science m‚Ä¶ https://t.co/7EnYK5GDlc,,Twitter for Android,False,know whether feel scared angry opinion piece amp hope catch science,NEGATIVE,14,unverified claim
I DigiPlex Infotech,"chomu , India",Welcome to  I DigiPlex Infotech !! We increase your valuable business's presence on search engine with respective reputation level. Start work today with us.!!!,2020-08-13 17:06:49,0,32,0,False,2020-08-16,Why #covid19 is affecting #digitalmarketing work ? @GoogleIndia @sundarpichai,"['covid19', 'digitalmarketing']",Twitter Web App,False,affecting work,POSITIVE,6,unverified claim
arda,Fl,17,2016-01-27 13:31:02,55,108,352,False,2020-07-26,Can‚Äôt wait to see coronavirus cases rise because of schools reopening...  #COVID19 #schoolsreopening https://t.co/5rVjPxdKfB,"['COVID19', 'schoolsreopening']",Twitter for iPhone,False,wait see coronavirus cases rise schools reopening,NEGATIVE,10,unverified claim
Apple Daily HK ËòãÊûúÊó•Â†±,Hong Kong,The most outspoken pro-democracy media in #HongKong. Founded by @JimmyLaiApple in 1995. English edition: https://t.co/lJtC6vQWKe App: https://t.co/WTTzlrDCtd,2009-09-02 05:15:28,452215,8,63,True,2020-07-28,"The #COVID19 pandemic was caused by the #CCP‚Äôs mistakes and its natural inclination to cover up problems, said Japa‚Ä¶ https://t.co/7jJipYkksN","['COVID19', 'CCP']",TweetDeck,False,pandemic caused mistakes natural inclination cover problems said japa,NEGATIVE,5,unverified claim
joe mack arthee,,Will Tweet fer food Wannabe cult leader,2016-07-29 11:00:51,5,27,2,False,2020-08-12,Russian strong man #Putin and his Chinese counterpart Ping Pong Xi have announced they got #COVID19 vaccines. In or‚Ä¶ https://t.co/oVlpchVe0X,"['Putin', 'COVID19']",Twitter Web App,False,russian strong man chinese counterpart ping pong xi announced got vaccines,POSITIVE,9,unverified claim
Daren Haines,Cinderford,This account is an autobiographical parody. I am continually searching for a word to describe my life while watching life pass me by.,2015-10-20 18:51:44,17,21,3,False,2020-07-25,@TheSun I wonder how many people are using their #facemask to shoplift without the fear of being identified?‚Ä¶ https://t.co/x6mcpKsNCU,['facemask'],Mobile Web (M2),False,wonder many people using shoplift without fear identified,POSITIVE,3,unverified claim
"Kevin K. Chung, MD","Bethesda, MD","Military critical care doc, multi-organ failure enthusiast, and chair of medicine @USUhealthsci on #MedTwitter #CritCareMed #SoMe. #charliemike",2018-04-12 05:25:32,4696,4492,9587,True,2020-07-30,"Novel extracorporeal therapeutic as an adjunctive treatment in the most severe #COVID19 cases.

Stay tuned for more‚Ä¶ https://t.co/IOd8OlIhEQ",['COVID19'],Twitter for iPhone,False,novel extracorporeal therapeutic adjunctive treatment severe cases stay tuned,POSITIVE,0,unverified claim
HappyLight,Jerusalem,My Twitter brand is ineffable ◊©◊Ç÷¥◊û÷∞◊ó÷∏÷£◊î ◊ú÷∏÷≠◊ê÷¥◊ô◊©◊Å ◊ë÷º÷∞◊û÷∑◊¢÷≤◊†÷µ◊î÷æ◊§÷¥÷ë◊ô◊ï ◊ï÷∞◊ì÷∏◊ë÷∏÷ñ◊® ◊ë÷º÷∞◊¢÷¥◊™÷º÷£◊ï÷π ◊û÷∑◊î÷æ◊ò÷º÷Ω◊ï÷π◊ë,2012-01-31 12:44:07,571,282,30252,False,2020-07-27,"I'm calling it now. The big fashion surprise this winter is that #COVID19 is gone from the earth, but we all wear m‚Ä¶ https://t.co/dhvL0ajbIg",['COVID19'],Twitter Web App,False,calling big fashion surprise winter gone earth wear,POSITIVE,3,unverified claim
Qatar Day- Pulse of Nation,"Doha, Qatar","Qatar Day is every individual‚Äôs pit stop before they plan a weekend, shopping, or a movie. It is your friend which will make life simpler and mobile.",2010-10-28 10:01:31,27032,748,4471,False,2020-08-02,"Bahrain: COVID-19 Patient Sentenced to Prison for Coughing at Staff
#Bahrain #COVID19 #Prison #QatarDayNews 
https://t.co/yZoodL0CxO","['Bahrain', 'COVID19', 'Prison', 'QatarDayNews']",Twitter Web App,False,bahrain covid 19 patient sentenced prison coughing staff,NEGATIVE,1,unverified claim
College Counselors,United States,College advisors providing the individualized attention students need to properly tackle the college admission process. Hablamos Espanol. Offices in US & LATAM.,2010-01-18 21:12:40,20311,1844,86,False,2020-08-02,ACT Is Struggling To Give Its College Admissions Tests During The Pandemic https://t.co/9ZXgjiRO9S #college‚Ä¶ https://t.co/JAjBSrrmDG,['college'],Hootsuite Inc.,False,act struggling give college admissions tests pandemic,NEGATIVE,5,unverified claim
HubBucket,"New York, NY",We develop #ArtificialIntelligence #MachineLearning #DeepLearning #HealthIT #HealthTech #MedTech #mHealth | @HubBucket @ProsumerSoft CEO @Rosenchild,2014-08-18 19:53:23,5339,4238,306077,False,2020-08-02,"How does #COVID19 invade and multiply inside host cells?

#Scientists are unraveling the basic biology of‚Ä¶ https://t.co/c2bjSkAbvL","['COVID19', 'Scientists']",Twitter Web App,False,invade multiply inside host cells unraveling basic biology,POSITIVE,1,unverified claim
Ordinary Man,"Galway, Ireland",Nothing special. Nothing grand. Back on the Twitter box to speak some hard truths.,2020-07-23 15:07:27,1,57,2,False,2020-07-29,Oh the irony of it all. And people are wondering why case numbers are going up. The country can handle this virus p‚Ä¶ https://t.co/unl0HEbyYE,,Twitter for Android,False,oh irony people wondering case numbers going country handle virus p,NEGATIVE,1,unverified claim
eVantage Technology,Singapore,"eVantage Technology is a professional and trusted IT solutions provider, dedicated to providing exceptional service to companies in Singapore and across Asia.",2010-07-31 08:37:00,265,239,13,False,2020-08-17,#6: Look out for suspicious attachment names and file types. If the attachment is for something you have no recolle‚Ä¶ https://t.co/8WEzxZkadY,,Buffer,False,look suspicious attachment names file types something recolle,NEGATIVE,1,unverified claim
Karen Rubin,New York,"Karen Rubin is an eclectic Journalist/Photojournalist, Travel Writer and Political Columnist reporting on a global range of topics.",2015-01-18 17:41:43,340,244,6214,False,2020-08-06,#Wellness needs to be focus of post-COVID #publichealth policy -The Island Now https://t.co/NdLQiH7KOs .‚Ä¶ https://t.co/qGZ2ZrdZre,"['Wellness', 'publichealth']",Twitter Web App,False,needs focus post covid policy island,NEGATIVE,1,unverified claim
Yvonne,"Toronto, Ontario","Mom, Traveller, I.T Professional",2013-04-28 23:52:53,48,227,2178,False,2020-07-25,"This man deserves NO credit.  The media needs to stop this.  Sure, he is changing his tune, but it has everything t‚Ä¶ https://t.co/2almtq5Ota",,Twitter Web App,False,man deserves credit media needs stop sure changing tune everything,NEGATIVE,4,unverified claim
Mary Hong,"Dallas, TX",,2010-07-31 03:48:46,82,105,24,False,2020-07-27,Time is flying .. it has been 11 weeks since we reopen and we are still striving to help our ladies get back in to‚Ä¶ https://t.co/D0MnSRCfD2,,Instagram,False,time flying 11 weeks since reopen still striving help ladies get back,POSITIVE,10,unverified claim
Ms. Net,,"We must dump Trump, need BlueWave voters!! Trump so scared of my tweets he blocked me, despite law saying his twitter used officially so he can‚Äôt block!",2009-02-22 02:49:30,3850,3886,79154,False,2020-08-02,@RabbiJill @sherrilee7 @USPS Meet the nightmare installed as @POTUS that explains why America is being destroyed &amp;‚Ä¶ https://t.co/B0ADxZLBJv,,Twitter for iPhone,False,meet nightmare installed explains america destroyed amp,NEGATIVE,4,unverified claim
SpeakTrueAlways,India,Live for nothing or die for something,2019-12-29 03:15:26,6,45,1581,False,2020-08-09,"@globaltimesnews China is responsible for all kind virus  #ChineseNoodleArmy
#WuhanVirus 
#ChineseVirus
#COVID19‚Ä¶ https://t.co/RV09CBdL7h","['ChineseNoodleArmy', 'WuhanVirus', 'ChineseVirus', 'COVID19']",Twitter for Android,False,china responsible kind virus,NEGATIVE,1,unverified claim
angryGAcitizen,,,2020-01-17 13:54:16,1,34,191,False,2020-08-01,"Way to fail us @BrianKempGA
@GovKemp Daddy's disappointed in you! 
#COVID19 #coronavirus #recallkemp
 https://t.co/pz9XH26EQx","['COVID19', 'coronavirus', 'recallkemp']",Twitter for Android,False,way fail us daddy disappointed,NEGATIVE,12,unverified claim
Mike Pieciak,Vermont,VT Financial Regulation Commissioner @VermontDFR / NASAA President @NASAA_News / Trustee @VSC_edu,2012-05-05 02:27:09,566,639,901,False,2020-08-01,VT‚Äôs #COVID19 mask mandate is off to a good start in @essexjunction -  28 out of 28 customers visiting‚Ä¶ https://t.co/FLVWe3TBuN,['COVID19'],Twitter for iPhone,False,vt mask mandate good start 28 customers visiting,POSITIVE,3,unverified claim
China Xinhua News,"Headquartered in Beijing, PRC","We are public media for the public good. We don't pursue corporate interests, nor will we yield to the pressure of ideological stigmatization and political bias",2012-02-09 01:10:18,12674181,64,0,True,2020-08-11,"Wearing a mask, maintaining a distance... A Mozambican student studying in China's Taiyuan shares her experience of‚Ä¶ https://t.co/nKe6p72eUS",,China Xinhua News,False,wearing mask maintaining distance mozambican student studying china taiyuan shares experience,POSITIVE,3,unverified claim
EMME,,She/Her/Hers. Big Brother Fanatic. Southside Serpents. Proud Ravenclaw. ACNH.,2017-08-31 10:42:05,52,325,5373,False,2020-08-08,If I see you posting pictures in groups without facemasks and social distancing...your mom's a ho #covid19,['covid19'],Twitter for Android,False,see posting pictures groups without facemasks social distancing mom ho,NEGATIVE,3,unverified claim
Jenny Speck,"Houston, TX",,2012-11-02 04:47:38,252,569,4699,False,2020-07-25,What did #DeloitteAlumni Karen Seminara-Patton do when she realized it was difficult for medical workers to get mea‚Ä¶ https://t.co/FpJgow1FPP,['DeloitteAlumni'],Dynamic Signal,False,karen seminara patton realized difficult medical workers get mea,NEGATIVE,2,unverified claim
MakeAmericaSaneAgain üò∑,United States,Never been asked to take a dementia test. Undefeated against ramps & umbrellas. Can drink a glass of anything with two fingers. #BlackLivesMatter #Biden2020,2017-07-29 15:02:32,1207,1940,20474,False,2020-07-25,"@TLC3Publishing Who is ‚Äúthey‚Äù?

Trump said maybe 15 Americans would get #COVID19, that it was a ‚Äúhoax,‚Äù and that it‚Ä¶ https://t.co/hWn4o6JDfx",['COVID19'],Twitter for iPhone,False,trump said maybe 15 americans would get hoax,NEGATIVE,12,unverified claim
RAJAN,,REBELLIOUS UNABASHED AND UNCONVENTIONAL LOL DEVILS ADVOCATE,2010-06-22 13:44:39,575,77,138948,False,2020-08-04,@siddaramaiah @digvijaya_28 why poor #Siddaramaiah and @KartiPC are #covid19 and #soniagandhi hospitalised which mu‚Ä¶ https://t.co/SsWbLkXKoW,"['Siddaramaiah', 'covid19', 'soniagandhi']",Twitter Web App,False,poor hospitalised mu,NEGATIVE,2,unverified claim
Cali Bats,California,"For public education, against high stakes testing and corporate take-over of public education! **Official Twitter for California BATs**",2013-11-10 01:13:39,1012,201,9,False,2020-07-25,The Trump Administration has had 5 months to figure this out &amp; they haven't even tried. The Democratic House has pa‚Ä¶ https://t.co/oKXHrnVTgD,,TweetDeck,False,trump administration 5 months figure amp even tried democratic house pa,NEGATIVE,4,unverified claim
GreyLight Media,USA,"The world is not black and white.

https://t.co/y7CI8Ep6Lv",2020-04-11 23:06:49,20,161,27,False,2020-07-25,"1.
A Washington tech executive was taken into custody today and charged with fraudulently seeking over $5.5 million‚Ä¶ https://t.co/yQKZX4fDI0",,Twitter Web App,False,1 washington tech executive taken custody today charged fraudulently seeking 5 million,NEGATIVE,0,unverified claim
Miles Q Black,New York City,I move around...New York City+Los Angeles+Johns Creek #Resist,2019-01-15 01:08:39,1310,1314,5568,False,2020-08-17,@realDonaldTrump No doubt...America First and only America First in  #COVID„Éº19 cases and deaths because of the malf‚Ä¶ https://t.co/lU961q2Do7,['COVID„Éº19'],Twitter for Android,False,doubt america first cases deaths malf,NEGATIVE,0,unverified claim
PLRB,"Downers Grove, IL","The PLRB hosts professional development conferences, both on-line and live events, for property and casualty claims adjusters & claims services providers.",2011-01-20 14:39:14,1948,52,1219,False,2020-08-18,#PLRB #COVID19 virtual conference is happening now! https://t.co/OjuUHdF2tI,"['PLRB', 'COVID19']",Hootsuite Inc.,False,virtual conference happening,POSITIVE,7,unverified claim
Wanderer,,Skeptically curious,2015-04-04 19:56:09,120,996,12325,False,2020-08-30,"Kamala Harris - ‚ÄúThere is no vaccine for racism. However COVID-19 is racist‚Äù

""While this virus touches us all, we‚Ä¶ https://t.co/qISUAin2qH",,Twitter for Android,False,kamala harris vaccine racism however covid 19 racist virus touches us,POSITIVE,9,unverified claim
Sascha Corti,"47.580262,-122.135105",Software Development Engineer for Microsoft in Switzerland. Focus on the Internet of Things. EV afficionado and gamer with a life. Opinions = my own.,2007-05-21 08:57:50,2105,929,6392,False,2020-08-30,"Interesting. The ""Russian flu"", a pandemic that struck in 3 waves over 2 years, 130 years ago, may have actually be‚Ä¶ https://t.co/UDeYOUp25k",,Twitter for iPad,False,interesting russian flu pandemic struck 3 waves 2 years 130 ago may actually,NEGATIVE,5,unverified claim
Pat  Szczepanski,,"Married, two kids, one grandchild,lib/progressive Love reading anything WW2. Pro-Choice Catholic #TheResistance #Resist üí™üèøüí™üèΩüí™üèªüåà(Photo-NationalArchives)",2009-08-20 02:17:19,2954,3630,73172,False,2020-07-26,"And you‚Äôre screwed. Listening to 45, Casey and Shane Strum. #Floridians. Are. Dying. And you could care less. Most‚Ä¶ https://t.co/DMoEaxreiA",['Floridians'],Twitter for iPad,False,screwed listening 45 casey shane strum dying could care less,NEGATIVE,4,unverified claim
Gulf News,United Arab Emirates,"The official Twitter feed from Gulf News, the UAE's biggest selling English language newspaper.",2009-02-11 08:21:32,1142645,229,488,True,2020-07-26,"#AbuDhabi 20 people test positive for #COVID19 after wedding reception

The infected people failed to adhere to soc‚Ä¶ https://t.co/N9QpkXfVhM","['AbuDhabi', 'COVID19']",TweetDeck,False,20 people test positive wedding reception infected failed adhere soc,NEGATIVE,2,unverified claim
FogBelter,"Cobweb Palace, San Francisco",~To Fight is to Win~,2008-06-13 05:05:25,1551,3160,36885,False,2020-08-02,"It‚Äôs not like he killed 150,000 Americans ... just saying. 

#COVID19 https://t.co/o8MJ1XwdQd",['COVID19'],Twitter for iPhone,False,like killed 150 000 americans saying,NEGATIVE,12,unverified claim
Dipanshu Kabra,"Bilaspur, India","#IPS officer, IG Bilaspur #Chhattisgarh Police
My FGD: #Fitness #Gardening #Dogs
interested in Politics International Affairs and philanthropy.",2016-12-22 12:13:17,50830,2991,33447,True,2020-08-14,"#CoronaVirus ‡§ï‡•Ä ‡§ò‡§∞ ‡§µ‡§æ‡§™‡§∏‡•Ä üòÖ

Chinese #COVID19 Virus returned Home after a world tour. 

#StaySafe.

https://t.co/K4qsV67tGq","['CoronaVirus', 'COVID19', 'StaySafe']",Twitter for Android,False,chinese virus returned home world tour,NEGATIVE,1,unverified claim
@Fi_Contextual,"Cork, Ireland/Belfast, NI","Communication is a Human Right
Clinical Lang Sciences I Developmental I Acquired I
Perspective Taking I Emotion I Cognition I Therapies
#CBS #RFT #ACT #SciComm",2015-07-13 21:26:47,3795,929,56256,False,2020-08-16,Very alarming! This pandemic is a huge crisis AND the initiatives and work of @PHE_uk covers need beyond the specif‚Ä¶ https://t.co/5I5lIaK5zi,,Twitter Web App,False,alarming pandemic huge crisis initiatives work covers need beyond specif,NEGATIVE,5,unverified claim
Will James Robertson,"Dos Palos, CA",My opinions are real and blunt. I take no guff. Political Correctness is wrong! Anti-ZT! Proud No Agenda Producer. #Freedom4ever #AmericaFirst @PodhouseStudios,2008-01-02 20:30:51,1005,4992,73813,False,2020-08-02,The risk is low to nothing everywhere. #COVID19 is a hoax. I will never cease saying it. https://t.co/MzGZjyCYaG,['COVID19'],Twitter Web App,False,risk low nothing everywhere hoax never cease saying,POSITIVE,12,unverified claim
Duncan O. Ogutu,"Kigali, Rwanda","| Governance, Risk & Controls Consultant | Father | Friend | A Product of God's Grace | Tweets Are My Own | Retweets Not Endorsement |",2011-08-30 11:31:45,227,1131,2996,False,2020-08-29,"There's every Tom, Dick and Harry on these streets who think they have seen enough after going through #Covid19 era‚Ä¶ https://t.co/TdgBq2FRgn",['Covid19'],TweetDeck,False,every tom dick harry streets think seen enough going era,NEGATIVE,4,unverified claim
Michelle Hope Lamb,Hopeville,"Lonely gal searching 4 my Edward. #cpp #migraine #fibromyalgia #IIH #depression #eatingdisorders.‚ù§Ô∏èReiki,12 Steps,my Twitter family,animals,& days w/out pain",2013-05-28 20:11:42,1064,698,43422,False,2020-07-28,This. üëáüèªanyone who has the audacity to listen to those stupid ‚Äúdoctors‚Äù shouting that info on #COVID19 is made up n‚Ä¶ https://t.co/CO0Gbj3FwW,['COVID19'],Twitter for iPhone,False,anyone audacity listen stupid doctors shouting info made n,NEGATIVE,4,unverified claim
David Hughes,"Cork, Ireland.",‚ÄùThe World spins. We stumble on. It is enough‚Äù,2009-07-22 13:49:32,2152,1980,3167,False,2020-08-18,"@tomdoorley @LeoVaradkar @SimonHarrisTD The nostalgia for Leo, Simon &amp; Tony Holihan  is understandable. 
There seem‚Ä¶ https://t.co/PY1uosrD47",,Twitter for iPhone,False,nostalgia leo simon amp tony holihan understandable seem,POSITIVE,4,unverified claim
Buddhistdoor Global,Hong Kong,"Follow us for Buddhist news, a splash of spirituality, and mindful Tweeting. Visit https://t.co/p21pOyrV8v for more.",2009-10-20 02:27:24,2526,1267,1311,False,2020-08-04,"#Buddhistdoor #news: 17th Karmapa‚Äôs Prayers for a Time of Pandemic Available as a Free eBook

Read more:‚Ä¶ https://t.co/uBCKThoIRb","['Buddhistdoor', 'news']",Twitter Web App,False,17th karmapa prayers time pandemic available free ebook read,POSITIVE,5,unverified claim
Tony,United States,Old retired libertarian scientist who is worried about the collapse of our society.,2020-03-11 19:05:40,18,19,57,False,2020-08-08,@WSJ The dearth of African-American representation in the #COVID19 vaccine trials will further contribute to the al‚Ä¶ https://t.co/PIyUUag3V7,['COVID19'],Twitter for iPhone,False,dearth african american representation vaccine trials contribute al,NEGATIVE,9,unverified claim
Robert Sitler,"New York, USA",Yo! Whats good! I‚Äôm a future Air Force Pilot (hopefully) who doesn‚Äôt really post much! Follow if you‚Äôd like!,2018-08-22 00:55:11,13,22,54,False,2020-08-22,WE ARE LIVE!!!! Come Down and Hang Out In Chat!!! Lets Get A Dub!!! #CallofDuty #Warzone #YouTube #COVID19‚Ä¶ https://t.co/K0aqDLsc4D,"['CallofDuty', 'Warzone', 'YouTube', 'COVID19']",Twitter for iPhone,False,live come hang chat lets get dub,NEGATIVE,7,unverified claim
KrushnaPrasad DasüáÆüá≥,"Orissa, India","I'm Student üßë

Lives in-Baripada(MBJ)

From-Odisha

latest news update üëç

I Love Cricket üèè 

and i love (MS.DHONI)‚ù£Ô∏è

And...And...I support üôè Bjp Government",2020-04-02 13:25:59,9,27,750,False,2020-07-27,"Ug,PG's final semester hearing today. It remains tobe seen what the current government is saying Please clarify‚Ä¶ https://t.co/EPemmUwZX0",,Twitter for Android,False,ug pg final semester hearing today remains tobe seen current government saying please clarify,NEGATIVE,10,unverified claim
Zubair,Here and There!,"Human being, Maverick, Entrepreneur, Polity, Social Entrepreneurship, Cricket & Music. Antithetic to xenophobia, jingoism and extremism. RT‚â†endorse",2009-08-15 14:04:52,907,1536,252,False,2020-08-09,Any update on #AmitShah #COVID19,"['AmitShah', 'COVID19']",Twitter for Android,False,update,POSITIVE,8,unverified claim
Uncle_Goody,Universe,"üë©‚ÄçüíªDesign + Motivationüåã
Twitter is not my thing.. yet!
üé®üñåÔ∏èüñºÔ∏èüë®‚Äçüé®üë©‚Äçüíª
Ps, Ai, XD, Tableau, Corel (soon: C4D, InDesign, Affinity Designer, Ae)",2011-10-15 08:46:37,226,615,188,False,2020-07-26,"Ask @richardbranson , he'll tell you!
#Motivation #Life #COVID19 https://t.co/HeTDdlYiON","['Motivation', 'Life', 'COVID19']",Twitter for Android,False,ask tell,NEGATIVE,8,unverified claim
TRILOKI SINHA,"India ,Delhi","Delhite, Engineer, wish me on 2 April !",2012-01-22 06:14:55,28,21,241,False,2020-08-01,"A man who may b a villain in reel life bt turned out 2 be a grt hero in real life, @SonuSood. A true inspiration &amp;‚Ä¶ https://t.co/ggOz02hTiO",,Twitter for Android,False,man may b villain reel life bt turned 2 grt hero real true inspiration amp,POSITIVE,4,unverified claim
Jusper Mogire,,"Communications & Consultant, Data Solutions. Data Recovery. 1 Tweet 1 Change. Public Speaker....",2014-05-09 08:23:22,24141,7908,55880,False,2020-08-22,How the world was made to believe that this mask can prevent the spread of the #COVID19 virus that we have been tol‚Ä¶ https://t.co/pKIQCqu56o,['COVID19'],Twitter for Android,False,world made believe mask prevent spread virus tol,NEGATIVE,3,unverified claim
Tiger and Kitten,Reality,"We do 2 or 4 wheels.
One wheel proved unsuccessful. Repeatedly.
So don't let your ambitions outweigh your talent.
Views are through our helmet visors.",2011-12-22 08:35:55,440,3139,2056,False,2020-08-22,"@sunrainmakerain @DanielAndrewsMP He *might* be right from a purely scientific theory perspective, but the world is‚Ä¶ https://t.co/1PFX4evync",,Twitter for Android,False,might right purely scientific theory perspective world,POSITIVE,14,unverified claim
Kagiso Fortune,,"A Human Kongü¶çü§®?

https://t.co/oasr1rIAtW",2019-03-09 08:50:16,43,258,2182,False,2020-08-12,"I am an Afrobeats Artist,Producer,Songwriter,Rapper,Singer.With All this talents,i only lack equipment..Show Love w‚Ä¶ https://t.co/0kRMkqG4C1",,Twitter for Android,False,afrobeats artist producer songwriter rapper singer talents lack equipment show love w,NEGATIVE,4,unverified claim
Yudah Naphtali #KBF,,Keep the world free,2018-04-04 12:58:26,134,220,2499,False,2020-08-22,"A clear part of the plan of UNAgenda21
Wealth transfer. Rich richer....Poor poorer. #TheGreatDeception #Covid19 https://t.co/JQDj7M1V87","['TheGreatDeception', 'Covid19']",Twitter Web App,False,clear part plan unagenda21 wealth transfer rich richer poor poorer,POSITIVE,6,unverified claim
TRT World,,"Where news inspires change. Features, opinion, video, and in-depth coverage. Follow @TRTWorldNow for breaking news and live updates.",2015-03-13 11:23:42,334660,17,0,True,2020-08-11,"China finds virus on imported seafood packaging. Other #Covid19 updates:

üá∑üá∫ Russia approves 'world's first virus v‚Ä¶ https://t.co/OK1IcqIit7",['Covid19'],TweetDeck,False,china finds virus imported seafood packaging updates russia approves world first v,NEGATIVE,1,unverified claim
HealthcareENV,United Kingdom,"Healthcare Environmental Group was the largest, private independent full facilities waste management company. DESTROYED BY CORRUPT GOVERNMENTS IN THE UK.",2012-07-16 19:57:30,1646,2729,2004,False,2020-08-12,One of this pictures below is from Mumbai in India the others are from is from Inverness in Scotland and Leeds in E‚Ä¶ https://t.co/mOEiMMhcbo,,Twitter for iPad,False,one pictures mumbai india others inverness scotland leeds e,POSITIVE,0,unverified claim
Lucy Ortiz,New York,"Writer / Artist.....Some succeed because they're destined to, but most succeed because they're determined to.",2015-11-30 18:33:56,1783,794,156891,False,2020-08-01,This kid has more sense than the mask deniers. #COVID19 https://t.co/0VlGapNCcl,['COVID19'],Twitter Web App,False,kid sense mask deniers,NEGATIVE,3,unverified claim
Leo Goldstein,"Texas, US","Scientist, author, amateur medical researcher. 'DefyCCC' on Parler",2017-03-08 13:20:36,1730,164,7336,False,2020-08-02,@RepMattGaetz Big Tech suppresses #Hydroxychloroquine in treatment of #COVID19 just like it suppressed info about t‚Ä¶ https://t.co/WUJPd4bR70,"['Hydroxychloroquine', 'COVID19']",Twitter Web App,False,big tech suppresses treatment like suppressed info,NEGATIVE,3,unverified claim
Kristen,"Georgia, USA","Southern. A little sweary. A lot *opinionated. Vaccines save lives. Kindness does too. #Biden2020ü•Å *Don‚Äôt blame these on anybody but me, I said what I said.",2019-08-28 16:44:29,3394,4550,70410,False,2020-07-30,@nycsouthpaw @atrupar #COVID19 sadly.,['COVID19'],Twitter for iPhone,False,sadly,NEGATIVE,8,unverified claim
Garret Wassermann for PA-45th üåª,PA 45th district,"Mathematician, physicist, computer scientist. 2020 @AlleghenyGreens Candidate, PA State Representative 45th District. #BanFracking, #GreenNewDeal, #SinglePayer.",2018-04-06 18:35:30,409,799,15119,False,2020-07-27,"Nope, @PADems &amp; @PAGOP thought handouts to the oil &amp; gas industry was the top priority over #COVID19. So much of a‚Ä¶ https://t.co/UFhxgb2mRS",['COVID19'],Twitter Web App,False,nope amp thought handouts oil gas industry top priority much,NEGATIVE,4,unverified claim
Amy Coopes,amy.coopes at croakey.org,"Hack turned quack. Journalist. Writer. Almost-an-MD/MA. Ex @AFP. Editor @croakeynews. Wiradjuri land, never ceded. Non nobis solum nati sumus üöµüåà‚úä",2010-10-21 03:18:23,15576,6240,36810,True,2020-08-13,"""When the pandemic hit, then, Britain was not the strong, successful, resilient country it imagined, but a poorly g‚Ä¶ https://t.co/ETJgRqZ3ft",,Twitter for Android,False,pandemic hit britain strong successful resilient country imagined poorly g,POSITIVE,5,unverified claim
Md Salim,"Kolkata, West Bengal",Marxist. Politburo Member-CPI(M). Served Rajya Sabha for 2 terms. Ex MP Raiganj & Calcutta NE. Ex Youth Affairs & Minority Development Minister West Bengal.,2011-06-06 13:03:50,53171,222,11033,True,2020-08-30,The situation in the state would have been much better if our CM had kept her petty politics aside &amp; had introduced‚Ä¶ https://t.co/2weVqBcUyI,,Twitter for iPhone,False,situation state would much better cm kept petty politics aside amp introduced,NEGATIVE,4,unverified claim
ABS-CBN News,"Manila, Philippines","Stories, video, and multimedia for Filipinos worldwide, from ABS-CBN News and Current Affairs, the Philippines' most trusted news organization.",2008-08-16 10:09:33,7017783,1071,1160,True,2020-07-27,Lawmaker tests positive for coronavirus ahead of Duterte #SONA2020 #COVID19 https://t.co/iYPQtr16Bl,"['SONA2020', 'COVID19']",TweetDeck,False,lawmaker tests positive coronavirus ahead duterte,NEGATIVE,1,unverified claim
TalkDeath,,https://t.co/sE8JWSOZNq is the Hub for Death-Conscious Conversation. | üñ§Death Positive üíÄ| Sister Site of @keepermemorials,2017-03-24 15:33:20,3477,4743,204,False,2020-08-10,The way we grieve has changed for the foreseeable future. One way we can do this is by taking advantage of the tech‚Ä¶ https://t.co/YYvh9DTiye,,WoopSocial,False,way grieve changed foreseeable future one taking advantage tech,POSITIVE,6,unverified claim
Robert Evans,,"Husband, Father of two beautiful daughters, Proud American, Financial Planner, Golfer, Part time sax player, jazz man",2019-09-29 23:35:48,34,882,442,False,2020-08-18,We are in the middle of a #COVID19 PANDEMIC and @FoxNews @OutnumberedFNC are criticizing the DNC CONVENTION but doe‚Ä¶ https://t.co/2pg4Ri3yMN,['COVID19'],Twitter for Android,False,middle pandemic criticizing dnc convention doe,NEGATIVE,5,unverified claim
(((thetimewall.com)),"Dunedin, FL USA","If you have been wondering where this #Scamdemic is headed. 
World Economic Forum | THE GREAT RESET - 2021 with Prince Charles 
#filmyourhospital",2016-11-29 23:04:46,440,84,307,False,2020-07-31,"the enemies within 
The Rockefeller Foundations and Non-Profits, and ilk. 
Burn Witch Burn.. Burn Witch Burn. And S‚Ä¶ https://t.co/s7l086QUL6",,Twitter Web App,False,enemies within rockefeller foundations non profits ilk burn witch,NEGATIVE,6,unverified claim
GovTech Review,,News & media for public sector technology solutions. Published by @WF_Media. Subscribe for free: https://t.co/FeWwkwX5Hu,2018-07-30 01:36:55,107,122,39,False,2020-07-28,"WA patient records leaked online
Read more https://t.co/1DqZlHN6Ui

#industrynews #latestarticles #confidential‚Ä¶ https://t.co/LDl8FLBH3E","['industrynews', 'latestarticles', 'confidential']",Buffer,False,wa patient records leaked online read,NEGATIVE,0,unverified claim
Brian H. Gill,central Minnesota,"Writer, blogger, artist: in the heart of Darkest Minnesota. Catholic convert, husband, father of 4 surviving kids. Recovering English teacher.",2009-02-25 02:40:20,1249,958,1803,False,2020-07-25,"""COVID-19 and Minnesota Masks"" https://t.co/PbSP6ejq23 A quick look at Emergency Executive Order 20-81, conspiracy‚Ä¶ https://t.co/BLb5mQZmMj",,Hootsuite Inc.,False,covid 19 minnesota masks quick look emergency executive order 20 81 conspiracy,NEGATIVE,3,unverified claim
BRANDON ‚öñÔ∏è,PNW ‚Üí PA ‚Üí DC,National Press Secretary @DemocraticAGs | Alum: @GSPMgwu & @willamette_u | Seattle Sports | @JoslinSchultz‚Äôs lesser half | he/him | tweets = mine,2012-10-07 02:59:22,2819,1156,224172,True,2020-08-29,"How is he failing to keep people safe?

1) Said it‚Äôs ok for religious schools to re-open without #COVID19 safety pr‚Ä¶ https://t.co/F2vdJhFx43",['COVID19'],Twitter for iPhone,False,failing keep people safe 1 said ok religious schools open without safety pr,NEGATIVE,10,unverified claim
Coronavirus Updates,,"COVID-19 (Coronavirus) Latest News & Statistics.
We post updates 24/7 as they come in, all stats are from official sources.
#Coronavirus #COVID19",2020-03-07 12:52:51,555,2,0,False,2020-08-29,"1 new case in Comoros 

[22:18 GMT] #coronavirus #CoronaVirusUpdate #COVID19 #CoronavirusPandemic","['coronavirus', 'CoronaVirusUpdate', 'COVID19', 'CoronavirusPandemic']",COVID19-Updates,False,1 new case comoros 22 18 gmt,NEGATIVE,0,unverified claim
Whateverrrüíã,"BayArea, CA",Chillinnnnnn,2010-06-21 06:02:21,552,226,3995,False,2020-08-16,Need this..  I‚Äôm so over it üòí #wakemeupwhenitsover #COVID19 https://t.co/0AaHVRSvsq,"['wakemeupwhenitsover', 'COVID19']",Twitter for iPhone,False,need,NEGATIVE,8,unverified claim
ApocalypseNowPodcast,"New York, NY ",A #podcast that explores the possibility that we may be living during the end times. Hosted by @JoPincushion,2019-11-21 22:11:47,344,322,965,False,2020-08-30,"Electricity is getting shut off during a pandemic. 
https://t.co/ZtRc4n5oBq
#coronavirus #covid19 https://t.co/6elY1HnS2m","['coronavirus', 'covid19']",Hootsuite Inc.,False,electricity getting shut pandemic,NEGATIVE,5,unverified claim
The Day,"London, England","An online daily newspaper for children, recommended by the UK Department for Education. We publish topical news analysis encouraging debate, for ages five to 18",2010-11-04 10:49:32,2390,1975,872,False,2020-08-13,"Stories from the past week: 
1/ Is ""zero"" the greatest idea of all?
2/ Should James Bond change with the times?
3/‚Ä¶ https://t.co/MUge8l8rf9",,Twitter Web App,False,stories past week 1 zero greatest idea 2 james bond change times 3,NEGATIVE,4,unverified claim
Maria Antonia Tigre,New York,"SJD candidate @HaubEnviroLaw focusing on international environmental law. @GNHRE regional director for Latin America. @TEDx speaker, writer.",2010-09-20 19:52:30,503,767,3178,False,2020-08-10,"In honor of yesterday's #IndigenousPeoplesDay, here are some thoughts on #COVID19, #ClimateChange and‚Ä¶ https://t.co/caa9yc5oGa","['IndigenousPeoplesDay', 'COVID19', 'ClimateChange']",Twitter Web App,False,honor yesterday thoughts,POSITIVE,7,unverified claim
Gravely Concerned,"Perth, Australia","Academic, parent, martial arts enthusiast, atheist, skeptic, politics junkie and more - These are my personal views only, not those of my employer.",2012-05-28 14:28:21,517,1181,4737,False,2020-07-26,"If WWI and WW2 were happening at the same time, there would be half as many Americans dying every day as are dying from #Covid19",['Covid19'],Twitter for iPhone,False,wwi ww2 happening time would half many americans dying every day,NEGATIVE,12,unverified claim
DFAT South Australia,"Adelaide, South Australia",Official account of Australia's Department of Foreign Affairs and Trade South Australia State Office,2015-07-04 21:40:43,2470,617,2058,True,2020-08-17,"Tomorrow (18 August) @AusAmbGender, Ms Julie-Ann Guivarra will host a discussion on the important role of social pr‚Ä¶ https://t.co/CscY0zmni1",,Twitter Web App,False,tomorrow 18 august ms julie ann guivarra host discussion important role social pr,POSITIVE,7,unverified claim
jamesleonard,"Swansea, Wales",smile and the world will smile with you xxx,2016-01-13 19:55:20,257,1185,5172,False,2020-08-17,Wow this self employed grant is a joke can‚Äôt claim anything as didn‚Äôt earn enough wtf am I suppose too do now no wo‚Ä¶ https://t.co/2hljGT3O6u,,Twitter for iPhone,False,wow self employed grant joke claim anything earn enough wtf suppose wo,NEGATIVE,13,unverified claim
pere ciuranaüåç,"Cambrils, Spain","Hunter-gatherer whose nation is Milky Way. Physicist, ITS and data scientist expert. Interested on  reason,quantum,irrationality,technology,data flows,religion",2017-10-04 06:45:01,67,125,1239,False,2020-07-26,"Censorship repeat with me: virus are simply excretions of toxic cells, virus are simply excretions of toxic cells,‚Ä¶ https://t.co/WQF3yilFun",,Twitter for Android,False,censorship repeat virus simply excretions toxic cells,NEGATIVE,1,unverified claim
The Insurer,"London, New York","Welcome to https://t.co/T5mRKx3MyX, where we bring you the market-leading specialty (re)insurance news, analysis and data service.",2013-06-11 15:15:17,2702,1527,421,False,2020-08-13,"COMMENT: UK industry must find a pandemic path to common ground on ¬£6.6bn+ Pool Re future

https://t.co/MQNftjIvEw‚Ä¶ https://t.co/b8Oj2DnobU",,Twitter Web App,False,comment uk industry must find pandemic path common ground 6 6bn pool future,NEGATIVE,5,unverified claim
ABS-CBN News,"Manila, Philippines","Stories, video, and multimedia for Filipinos worldwide, from ABS-CBN News and Current Affairs, the Philippines' most trusted news organization.",2008-08-16 10:09:33,7043614,1070,1159,True,2020-08-16,Chinese volunteers willing to take a chance on #COVID19 vaccines outside trials https://t.co/Z09Art59MP,['COVID19'],TweetDeck,False,chinese volunteers willing take chance vaccines outside trials,NEGATIVE,9,unverified claim
Patrick Bordnick,"New Orleans, LA",Dean and Professor @TulaneSSW | Virtual Reality | Technology | Behavioral Change Specialist | Health and Behavioral Health | Addiction | Mental Health,2014-08-12 00:22:06,591,454,3058,False,2020-07-25,"Raise awareness to support the behavioral health needs of frontline responders: Doctors nurses, social workers, and‚Ä¶ https://t.co/JEhyZ6MTac",,Twitter for Android,False,raise awareness support behavioral health needs frontline responders doctors nurses social workers,POSITIVE,2,unverified claim
Maria Choi,,üáÆüá™üá®üá≥üè≥Ô∏è‚Äçüåà,2019-03-08 21:09:09,16,267,677,False,2020-08-18,No words... #COVID19,['COVID19'],Twitter for iPhone,False,words,POSITIVE,8,unverified claim
JACKETPALOOZA ACTUALüá∫üá∏,In the wasteland of your mind,Cat's Ass.Rainmaker.Cyber Arms Merchant.Backfield Wrecker.Parrot Whisperer.Bayonet Fixer.Torpedo Damner.Slave Freer.Villa Chaser.Hun Stopper.Kamikaze Killer.SAR,2010-12-01 13:04:11,3054,4128,43252,False,2020-08-14,"Just not of #COVID19 anything but #COVID19 

Lana Del Rey - Born To Die (Official Music Video) https://t.co/em8DAp9lOV via @youtubemusic","['COVID19', 'COVID19']",Twitter for iPhone,False,anything lana del rey born die official music video via,NEGATIVE,4,unverified claim
Yvonne Spiczynski,the T-Dot,378 gigs since Jan 2014. the Toronto Reflektor. Halfway+ to visiting at least one country for every letter of the alphabet.,2012-02-25 19:49:54,495,290,117091,False,2020-08-17,People who think masks don‚Äôt cut down chances of transmission of the coronavirus are utterly fascinating to me.‚Ä¶ https://t.co/JM7WsdBYii,,Twitter for iPhone,False,people think masks cut chances transmission coronavirus utterly fascinating,POSITIVE,3,unverified claim
Zach,,üèá & ü•É . UW #Badgers #OnWisconsin #Blackhawks #Cubs #Bulls #Bears Manchester United #MUFC ... Twin daughters with #CysticFibrosis,2009-05-02 02:15:43,2487,987,247563,False,2020-07-27,... I just want to drive down to @ClubHawthorne and watch some live racing. Ugh! ... I used to live about 15 minute‚Ä¶ https://t.co/f0NxCOyi4d,,Twitter for iPhone,False,want drive watch live racing ugh used 15 minute,NEGATIVE,7,unverified claim
Global Soul,,I have only come here seeking knowledge...,2011-08-02 18:23:04,178,643,1887,False,2020-08-02,Watching the amazing re-entry of the #SpaceXDragon and wondering how many ppl are in awe of the science and tech th‚Ä¶ https://t.co/Mq0IF9iwUQ,['SpaceXDragon'],Twitter Web App,False,watching amazing entry wondering many ppl awe science tech th,POSITIVE,14,unverified claim
Say NO - UNiTE,Global,"Say NO ‚Äì UNiTE to End Violence against Women records what individuals, orgs & govts worldwide are doing to end violence against women. Managed by @UN_Women.",2009-10-21 16:52:43,94420,1877,672,True,2020-08-01,"Since the outbreak of #COVID19, reports of domestic violence have increased and intensified. If you are living with‚Ä¶ https://t.co/Lue2410XcD",['COVID19'],Hootsuite Inc.,False,since outbreak reports domestic violence increased intensified living,POSITIVE,1,unverified claim
Shaun Quigley,Salford Greater Manchester ,30 years in the Crane Industry. Heavy Cranes Sales Manager at Graham Jones Cranes Ltd Contract Lifting Specialist. Senior Appointed Person-Lifting Operations,2013-03-22 16:46:48,699,777,83,False,2020-08-22,Video clips of 2018 TV show in Japan discussing Corona Virus a year + before the rest of the #World was introduced‚Ä¶ https://t.co/gqHGSrWSQD,['World'],Twitter for iPhone,False,video clips 2018 tv show japan discussing corona virus year rest introduced,NEGATIVE,1,unverified claim
Fonc√©AuClair=D2L,Hovering in Flight,"Providing SOFT data 4 resource allocation
Navigating a world populated w/loudmouth woke bullies/invertebrates daily
#PushBackHard #TheOath
On Parler:1MinPsychic",2008-10-27 12:50:24,1564,1009,34547,False,2020-08-04,"FINALLY, SOMETHING SCIENTIFIC questioning this whole mask claim that it is effective in halting the spread of‚Ä¶ https://t.co/KJoI8fmfTy",,Twitter Web App,False,finally something scientific questioning whole mask claim effective halting spread,NEGATIVE,3,unverified claim
Larry Tysome,,,2011-02-14 12:06:40,13,156,23,False,2020-08-22,"Apparently the virus is also racist. These analyses are lazy. It attacks human physiology not someone‚Äôs religion, o‚Ä¶ https://t.co/8GZlOrbPkd",,Twitter for iPhone,False,apparently virus also racist analyses lazy attacks human physiology someone religion,NEGATIVE,1,unverified claim
R.A.I.D.,Everywhere ,Rebel Against The Idiocracy,2012-06-03 17:51:47,191,112,1778,False,2020-08-18,"They're still hiding this madness in plain sight.

Common Cold=Coronavirus

#Covid19 #coronavirus #CovidHoax 

https://t.co/5PVbHF3KHE","['Covid19', 'coronavirus', 'CovidHoax']",Twitter for Android,False,still hiding madness plain sight common cold coronavirus,NEGATIVE,1,unverified claim
Firdaus Hashim,Singapore,"Another news and current affairs junkie from Singapore. Curious to know more about my home region, Asia, and the Middle East.",2007-09-20 20:37:11,1000,1347,3475,False,2020-08-01,#Japan Acted Like the Virus Had Gone. Now It‚Äôs Spread Everywhere.  https://t.co/YPTkdepP1I #COVID19 #coronavirus,"['Japan', 'COVID19', 'coronavirus']",Twitter for Android,False,acted like virus gone spread everywhere,NEGATIVE,1,unverified claim
Lets Talk About Zambia üáøüá≤,Zambia,"Let talk about #Zambia, News, Politics, Current Affairs & all things most relevant to Zambians. Curator has own unique opinions & often shares same freely.",2009-09-25 17:01:14,5176,37,32,False,2020-08-11,"Zambian government warns people against getting #covid_19 tests from bogus facilities | CGTN:

#Zambia #Covid19

https://t.co/7JVkIV2ZSU","['covid_19', 'Zambia', 'Covid19']",Twitter for iPhone,False,zambian government warns people getting tests bogus facilities cgtn,NEGATIVE,2,unverified claim
Nep,United Kingdom,"James|18|UK|Madlad from Britain who doesn't do anything with his time : )|Want to do film/photography, game design, map design, or anything to do w/ COMPUTERS",2018-06-01 20:59:42,122,1562,9486,False,2020-08-30,"all those planes, in a pandemic, and this many, no wonder #COVID19 ain't going away https://t.co/TaY221KauL",['COVID19'],TweetDeck,False,planes pandemic many wonder going away,POSITIVE,5,unverified claim
Jiang Yimei Ê±üÊÄ°Áé´ üá®üá≥,‰∏≠ÂõΩ ‚Ä¢ China,"üá®üá≥/‰∏≠ÂõΩ‰∫∫Ê∞ë/ÁÇéÈªÑÂ≠êÂ≠ô/ÂçéÂ§èÊ∞ëÊóè/üá®üá≥
üòä/Áà±Â§ßÁÜäÁå´/Áà±ÂíåÂπ≥/Áà±ÊñáÊòé/Áà±ÁæéÈ£ü/üòä
üôÖ/ÊùúÁªù‰∏çÊñáÊòé/ÊùúÁªùÁßçÊóè‰∏ª‰πâ/ÊùúÁªùÈªÑËµåÊØí/üôÖ
üëâ/Ê¨¢Ëøé‰∫ífo/üëà
üôã/I come from China/üôã
üíú/follow with interest/üíú",2020-06-22 09:39:24,1861,4942,2899,False,2020-08-12,The knowledge of Indians is low. There is no rigorous scientific attitude. The education level of Indians is low. M‚Ä¶ https://t.co/YPja7wNRmW,,Twitter Web App,False,knowledge indians low rigorous scientific attitude education level,NEGATIVE,14,unverified claim
www.THEPIGEONEXPRESS.com,online,The Pigeon Express @PigeonExpress_ || News Feed Loop,2018-10-30 05:54:46,1034,110,4109,False,2020-08-08,Venezuelans who break coronavirus rules made to sit under the sun. #Venezuela #Caracas #Tachira #Sun #Coronavirus‚Ä¶ https://t.co/j96iokKOVS,"['Venezuela', 'Caracas', 'Tachira', 'Sun', 'Coronavirus']",TweetDeck,False,venezuelans break coronavirus rules made sit sun,NEGATIVE,1,unverified claim
Uttam K 'Prakash',"Katihar, India","#Bio:- Trying To Be A Human Being. A Proud Indian
#WorkingDetails:- As an Executive Assistant, @ SGRO-cum-Additional District Magistrate's Office, KATIHAR",2015-02-03 17:19:05,42,1205,4438,False,2020-07-27,"Mask, Social Distancing and Sanitizer....  

This Trishul üî± will destroy the Coronavirus. Use it at all times.‚Ä¶ https://t.co/PmA4tpTZLr",,Twitter for Android,False,mask social distancing sanitizer trishul destroy coronavirus use times,NEGATIVE,3,unverified claim
Himalayan Mail,"Jammu, Jammu And Kashmir","Leading English Daily Newspaper of Jammu and Kashmir
 #Jammu #Kashmir #News",2015-09-20 14:23:02,2326,206,169,False,2020-08-13,#RamJanmabhoomi Teerth Kshetra Trust Chairperson Mahant #NrityaGopaldas health deteriorates after testing #Covid19‚Ä¶ https://t.co/BwgDUgvamu,"['RamJanmabhoomi', 'NrityaGopaldas', 'Covid19']",Twitter Web App,False,teerth kshetra trust chairperson mahant health deteriorates testing,NEGATIVE,2,unverified claim
Countries Without Coronavirus Bot,,"Countries that have no active cases of COVID-19, every half hour.
Not an official authority.
Made with Cheap Bots, Done Quick!
Data - Worldometers",2020-05-05 00:58:30,10,0,0,False,2020-07-28,St. Kitts &amp; Nevis has no active cases of the novel coronavirus disease/COVID-19. #COVID19,['COVID19'],"Cheap Bots, Done Quick!",False,st kitts amp nevis active cases novel coronavirus disease covid 19,NEGATIVE,1,unverified claim
Alexander Horuzin | –ê–ª–µ–∫—Å–∞–Ω–¥—Ä –•–æ—Ä—É–∑–∏–Ω,"Amsterdam, The Netherlands","NOW IS THE FUTURE. CEO MAKEITISI Founder of https://t.co/MQGUoqVpAT & ISI AI, https://t.co/OIViOLIXA1 Foundation standing for equality  & empowering disabled people.",2018-10-10 21:21:46,10,118,42,False,2020-08-22,"Re #cosmpolitics and desperate search for #vaccine against #covid19 virus ü¶† 
Did any laboratory made clinical trial‚Ä¶ https://t.co/3U13SKJf2Z","['cosmpolitics', 'vaccine', 'covid19']",Twitter for iPhone,False,desperate search virus laboratory made clinical trial,NEGATIVE,1,unverified claim
Thinkers360,United States,Connecting global #brands with the world‚Äôs foremost #thoughtleaders & authentic #influencers on #business & #tech for game-changing results. Sign-up for free!,2017-10-13 21:24:02,5279,5280,7045,False,2020-07-26,COVID-19s Counter-Intuitive Implications for Small Business and Employment https://t.co/0iK24vFo17 via @tkspeaks on‚Ä¶ https://t.co/xcm4HwD7xe,,Buffer,False,covid 19s counter intuitive implications small business employment via,POSITIVE,6,unverified claim
GBC,,Michigan #GoBlue| New England #Patriots| #TB12| Huge Tiger Woods Fan #TW  Born and raised in Kenya. USA is Home.,2010-06-14 03:50:19,2589,488,8217,False,2020-07-31,All these celebrities linked to child trafficking need to be the ones COVID19 vaccines are tested on. Not animals!!! #Moderna #COVID19,"['Moderna', 'COVID19']",Twitter for iPhone,False,celebrities linked child trafficking need ones covid19 vaccines tested animals,NEGATIVE,9,unverified claim
The Ismaili,,The official Twitter account of the Ismaili Muslim community. (RTs do not imply endorsement.),2008-10-14 03:53:34,19810,24,79,True,2020-08-11,Listen to @AliVelshi¬†discuss how wearing a mask is a matter of life and death. Let's keep ourselves and our loved o‚Ä¶ https://t.co/tMF2pbS5lO,,Falcon Social Media Management ,False,listen discuss wearing mask matter life death let keep loved,POSITIVE,3,unverified claim
Mike,USA,Veteran US Navy Hospital Corpsman. Parler ID: mikeandersonsr #maga,2010-01-14 20:36:18,64902,61874,85098,False,2020-08-12,"I‚Äôve noticed a new #COVID19 claim by liberals now that the mortality rate is below the flu, and recovery is &gt;98%.‚Ä¶ https://t.co/rjfbcqXA6T",['COVID19'],Twitter for iPhone,False,noticed new claim liberals mortality rate flu recovery gt 98,NEGATIVE,1,unverified claim
atreviendome,,Lean Six Sigma thinking,2020-08-07 01:16:35,2,0,0,False,2020-08-08,What is going on? #covid19 #pandemic #poems #thoughts https://t.co/Dbjbh2L3Tf,"['covid19', 'pandemic', 'poems', 'thoughts']",Instagram,False,going,POSITIVE,8,unverified claim
Carol Hulme,Staffordshire England,"Fervent Brexiteer, love my country and Europe. Loathe the EU. All Lives matter. Kindness matters. Race Baiters should be ashamed. Parler C Hulme47 @Hulme47",2013-02-11 14:48:30,2846,4579,82046,False,2020-07-31,NO enough is enough. #lockdown  #COVID19  #Dystopian https://t.co/3IyLPtREHl,"['lockdown', 'COVID19', 'Dystopian']",Twitter for iPhone,False,enough,POSITIVE,8,unverified claim
MToto News,"Nairobi, Kenya","An award winning digital platform using  technology to make significant impact on the lives of children. YT https://t.co/WAz9yjo01O IG, FB MtotoNews",2017-02-16 20:55:55,4773,1284,2648,False,2020-08-13,"Mask wearing, hand washing, and social distancing are three of
our best tools to fight #COVID19 until we have a vac‚Ä¶ https://t.co/amawxWipYP",['COVID19'],Buffer,False,mask wearing hand washing social distancing three best tools fight vac,NEGATIVE,3,unverified claim
Louisiana GOHSEP,Louisiana,Governor's Office of Homeland Security and Emergency Preparedness,2009-05-20 12:49:43,22660,2053,249,True,2020-08-10,A new episode of The GOHSEP Get A Game Plan Podcast is available. The fight continues to stop the spread of‚Ä¶ https://t.co/l6XYza0axU,,Twitter for iPhone,False,new episode gohsep get game plan podcast available fight continues stop spread,NEGATIVE,7,unverified claim
IAMHP,"Illinois, USA",Illinois Association of Medicaid Health Plans (IAMHP) is a membership organization of health plans that participate in Medicaid managed care in Illinois.,2017-07-06 14:13:09,141,170,410,False,2020-08-22,"To free up hospital space for #COVID19 patients &amp; adhere to social distancing orders, health plans are covering tel‚Ä¶ https://t.co/tIHrIbQqZX",['COVID19'],Hootsuite Inc.,False,free hospital space patients amp adhere social distancing orders health plans covering tel,NEGATIVE,2,unverified claim
Lady_J ‚è≥‚ù§Ô∏è‚úåÔ∏èüåä‚öñÔ∏è,,"‚ÄùRecall the face of the poorest and weakest man you have seen, and ask yourself if this step you contemplate is going to be any use to him.‚Äù Mahatma Gandhi",2016-01-26 02:19:23,1434,1533,18448,False,2020-08-04,"https://t.co/3nZFxJcmSZ

Oops. #rondesantisresign #COVID19 #COVIDIOT","['rondesantisresign', 'COVID19', 'COVIDIOT']",Twitter for iPhone,False,oops,NEGATIVE,8,unverified claim
Remedazo,"New Delhi, India","A medical tourism company that combines compassion, the finest quality of care, and complete security.",2018-10-10 13:35:21,1380,124,158,False,2020-07-28,"To book Antibody Test for you or your loved ones use the details provided in below creative.(4/4)

#COVID„Éº19‚Ä¶ https://t.co/9ymlKMKBWy",['COVID„Éº19'],Twitter Web App,False,book antibody test loved ones use details provided creative 4,POSITIVE,2,unverified claim
Dr. Thomas Wilckens,"M√ºnchen, Bayern","MD #PrecisionMedicine leader: Changing the way we diagnose, treat and eventually prevent disease #Innovation #Healthcare #Medicine #MachineLearning #AI #omics",2013-10-22 14:46:04,3562,3135,10611,False,2020-07-27,Missed it: Did #herdimmunity' change the course of the outbreak? #coronavirus #pandemic #covid19‚Ä¶ https://t.co/bv6x155DiY,"['herdimmunity', 'coronavirus', 'pandemic', 'covid19']",Buffer,False,missed change course outbreak,NEGATIVE,1,unverified claim
üëΩChrisshawn D. ScalesüçÄ,Universe 7,üé¨üé≠üì∑ Creator/Actor/Model/Producer üéûÔ∏è‚ö° OMNISCALES #Podcast Available Now | Click ‚¨áÔ∏è link to support the cause. THANKS A Trillion! üéØ,2019-09-24 02:26:55,157,1097,10985,False,2020-08-13,Rise &amp; Fly! üîÆ‚ö°üèãüèæ‚Äç‚ôÇÔ∏èüôèüèºüíúüôÇ #thursdaymorning #ThursdayThoughts #ThursdayMotivation #COVID19 #tremor #coronavirus #heatwave,"['thursdaymorning', 'ThursdayThoughts', 'ThursdayMotivation', 'COVID19', 'tremor', 'coronavirus', 'heatwave']",Twitter for Android,False,rise amp fly,POSITIVE,4,unverified claim
WorldStage,"Lagos, Nigeria",https://t.co/Qsywjub3Cc https://t.co/MORN7vdk5V,2011-09-12 15:57:05,20913,22957,39,False,2020-08-01,"WorldStage Newsonline-- Gov. David Umahi of Ebonyi State, his daughter and three of his aides have recovered from C‚Ä¶ https://t.co/yT30zzJjI0",,Blog2Social APP,False,worldstage newsonline gov david umahi ebonyi state daughter three aides recovered c,NEGATIVE,0,unverified claim
Lamine SENEÔºàÊãâÊòéÔºâüá®üá≥üá∏üá≥üåé,"Shenzhen, China",PhD MBA #Entrepreneur #Businessman #BusinessConsulting #SocialMediaExpert #Import #Export #BD #Marketing #trade #Trading #Sourcing #China @VISONTRADE31,2011-04-12 13:35:47,1269,1169,4942,False,2020-08-09,Hi @GOVNorway @BMZ_Bund @Irish_Aid @Sida ‚Äî #COVID19 may trigger a global food crisis and push many more people into‚Ä¶ https://t.co/1c9WZEeWRX,['COVID19'],Global Citizen Mobile App,False,hi may trigger global food crisis push many people,NEGATIVE,5,unverified claim
Dr. Sounds,"Lidk√∂ping, Sverige",Musician  creating soothing music. Now in commercial from @Hjarnfonden https://t.co/H0bhEBGMdF,2009-04-21 17:12:05,344,987,86,False,2020-08-02,"Sorry #COVID19, you arent the one pandemic. This is how it would sound if other ongoing pandemic was spelled in‚Ä¶ https://t.co/KuedEA3vbd",['COVID19'],Twitter for Android,False,sorry arent one pandemic would sound ongoing spelled,NEGATIVE,5,unverified claim
OK! Magazine USA,New York City,IG: @OKMagazine | #AlwaysTrending | Snapchat: OKMagazine,2008-04-10 18:42:29,462270,4108,979,True,2020-08-18,#KUWTK krew takes on #COVID19. https://t.co/AQmFzj388H,"['KUWTK', 'COVID19']",Sprout Social,False,krew takes,NEGATIVE,8,unverified claim
mangeshreddy,,"Social interaction with people, being kind, love for my haters ü§òüèΩü§òüèΩü§òüèΩü§òüèΩ",2020-04-11 11:57:16,20,153,25,False,2020-07-27,The nly reason fr the spread of this deadly #covid19 corona virus in #india üáÆüá≥ is bcoz of #media‚Ä¶ https://t.co/4XqjsD9io5,"['covid19', 'india', 'media']",Twitter for iPhone,False,nly reason fr spread deadly corona virus bcoz,NEGATIVE,1,unverified claim
Malcolm Cesar,Atlanta,Creator of The Super Affiliate Bizleads Automation Summit,2019-10-25 23:55:32,138,269,61,False,2020-07-27,PART 1: It‚Äôs been a crazy year so far with all of this COVID-19 stuff and there are plenty of challenges for everyo‚Ä¶ https://t.co/pWandzBK0m,,Twitter Web App,False,part 1 crazy year far covid 19 stuff plenty challenges everyo,POSITIVE,1,unverified claim
Muhammad Nyamwanda,"Nairobi, Kenya","Passionate about Aviation, Digital Comms & Politics. Digital Media Strategist.| @RailaOdinga Secretariat| #SocialMedia aficionado",2009-06-04 02:48:44,32044,16952,12918,False,2020-07-27,"Even as we push conspiracy theories about #Covid19 it's still in order to wash hands often, sanitize often and mask‚Ä¶ https://t.co/WehiV5OVS5",['Covid19'],Twitter Web App,False,even push conspiracy theories still order wash hands often sanitize mask,NEGATIVE,3,unverified claim
CouncilmemberKGR,,"Katherine Gilmore Richardson:
Wife, Mother, Councilwoman At-Large for the City of Philadelphia, #Masterman #GirlsHigh #WCU #ZPhiB",2020-01-09 15:49:29,1198,334,640,False,2020-08-18,.@PHLPublicHealth #covid19 testing map now offers filtered results for sites that are testing children. You can now‚Ä¶ https://t.co/bweEm1SQr0,['covid19'],Twitter Web App,False,testing map offers filtered results sites children,POSITIVE,2,unverified claim
Jarrod J. Cain,,Why is this section so hard to fill out?,2014-04-22 19:40:21,25,63,237,False,2020-07-28,The CEOs are going rabid! @realDonaldTrump Please help us middle class hard and educated workers who are being laid‚Ä¶ https://t.co/CZ0hgLASrj,,Twitter for Android,False,ceos going rabid please help us middle class hard educated workers laid,NEGATIVE,6,unverified claim
Stand for Humanity,,"‚Ä¢Democratic dissent is not disloyalty,it is a positive civic duty‚Ä¢Fiercely democratic‚Ä¢",2020-03-06 15:29:07,260,177,337,False,2020-08-09,"A Sikligar Sikh, attacked, turban desecrated for refusing to pay money to cops in BJP ruled Madhya Pradesh. Are min‚Ä¶ https://t.co/8o1hCyPWJQ",,Twitter for Android,False,sikligar sikh attacked turban desecrated refusing pay money cops bjp ruled madhya pradesh min,NEGATIVE,0,unverified claim
Sweet Dew #CoverYourMouthüè†Save Lives‚ù§,,ugh!!!,2016-09-27 01:51:47,434,231,135359,False,2020-08-16,@business Whatever üôÑüôÑüôÑ  #COVID19 165k and counting.  But but a hoax to trump.,['COVID19'],Twitter for Android,False,whatever 165k counting hoax trump,NEGATIVE,12,unverified claim
BenHillCountyEMA,"Fitzgerald, GA",,2018-10-09 21:13:01,12,17,0,False,2020-08-10,"Here is an update from the CDC on COVID19 - August 10 2020 12:22:01

https://t.co/Rn4qqfHW8U

#COVID19‚Ä¶ https://t.co/jHl9VTGSG1",['COVID19'],Zapier.com,False,update cdc covid19 august 10 2020 12 22 01,NEGATIVE,1,unverified claim
NewsIn.Asia,Sri Lanka,News on Sri Lanka and South Asia; accurate and up to the minute!,2016-07-29 12:43:18,710,60,34,False,2020-08-14,New Zealand #PM says Covid-19 #Outbreak will 'get worse' as #Auckland #Cluster grows - https://t.co/XPdf8Q6zbB‚Ä¶ https://t.co/x6CnUC4azI,"['PM', 'Outbreak', 'Auckland', 'Cluster']",NIAAuto,False,new zealand says covid 19 get worse grows,NEGATIVE,1,unverified claim
Tim Gale,"Bristol and Bournemouth, UK","Academic specialising in Tourism. Geographer. Welsh. Ferroequinologist. AFOL. Sharing ideas, stuff. Contains traces of life outside work. Views my own",2009-07-27 08:44:02,849,680,6453,False,2020-08-12,‚ÄòInsane‚Äô hotel concepts for a post-pandemic world. Good basis for a discussion #hotels #design #COVID19 https://t.co/1VSszQ91mh,"['hotels', 'design', 'COVID19']",Twitter for iPhone,False,insane hotel concepts post pandemic world good basis discussion,POSITIVE,5,unverified claim
vcwcaptures,"Vancouver, British Columbia","I make gaming (let‚Äôs play) videos, and vlogs on YouTube. New videos every week!",2019-01-12 21:26:42,22,58,628,False,2020-08-30,"Somebody really didn‚Äôt like masks. 

‚ÄúRemember when they told you masks don‚Äôt work, don‚Äôt wear them.‚Äù  

#COVID19‚Ä¶ https://t.co/CCYMQEl5L5",['COVID19'],Twitter for iPhone,False,somebody really like masks remember told work wear,NEGATIVE,3,unverified claim
Julie Bishenden, Kent,"Deputy Chairwoman of the Time Party
(Kent) @TimeParty_Kent #TimeForThePeople
Ex Merchant Navy. Ex MOJ.
Crohns Disease Warrior. Local History Lover. Silversmith.",2015-10-17 11:43:52,2204,2328,6576,False,2020-07-29,"As a woman, I find this narrative somewhat disturbing.

""As a woman, I find wearing a face mask liberating ‚Äì I'm no‚Ä¶ https://t.co/oQxldWIrwe",,Twitter for Android,False,woman find narrative somewhat disturbing wearing face mask liberating,POSITIVE,3,unverified claim
Shah Sheikh,"Dubai, United Arab Emirates",Cyber Security Professional / Enthusiast / Founder.,2011-07-22 19:52:59,1566,182,8,False,2020-08-11,DDoS Attacks Triple in Q2 to Target #COVID19 Home Workers: Kaspersky warns of unseasonal uptick in activity https://t.co/WvwIzMUt3m,['COVID19'],dlvr.it,False,ddos attacks triple q2 target home workers kaspersky warns unseasonal uptick activity,NEGATIVE,1,unverified claim
Ashley Clark Whitman,"Hamilton, GA",#Truth telling #Conservative! Followed by @cvpayne @RealDrGina @Harlan @GinaBrunson ‚ù§Ô∏è #Trump üíï #GodBlessTheUSA üá∫üá∏#IStandWithIsrael üáÆüá±#GodSaveTheQueen üá¨üáß,2016-06-13 15:13:25,1771,2179,19701,False,2020-07-28,@JeffAronson25 @DavidRoths @Lentils4Mentals @Donald_from_HI @realDerekUtley @BreitbartNews I have a friend who has‚Ä¶ https://t.co/xCXmperXag,,Twitter for iPhone,False,friend,POSITIVE,8,unverified claim
a,,24,2020-01-22 13:41:46,1,1,0,False,2020-08-10,"enough for gas till i get paid. i won‚Äôt ask for more than that. 
i can also provide verification in DMs if asked fo‚Ä¶ https://t.co/nY0xPzPFx6",,Twitter Web App,False,enough gas till get paid ask also provide verification dms asked fo,NEGATIVE,13,unverified claim
Julie,Colorado,Be yourself. Everybody else is taken üòä,2009-07-12 04:40:50,143,330,2774,False,2020-08-02,Work selfie #homedepot #work #cashier #garden #masks #staysave #wearamask #covid19 #selfie #selfiesunday‚Ä¶ https://t.co/iIU9UHulQN,"['homedepot', 'work', 'cashier', 'garden', 'masks', 'staysave', 'wearamask', 'covid19', 'selfie', 'selfiesunday']",Instagram,False,work selfie,NEGATIVE,3,unverified claim
"uch√© blackstock, md",Occupied Lenape Land ,"founder & ceo, advancing health equity ‚Ä¢ @yahoonews medical contributor ‚Ä¢ speaking rep: @ccmntspeakers ‚Ä¢ media rep: @cse_TraciWilkes ‚Ä¢ IG: @ucheblackstockmd",2012-09-03 18:21:17,56811,4198,66974,True,2020-08-14,"People are still in my mentions asking *why*  Black, Latino and Indigenous people are being infected and dying disp‚Ä¶ https://t.co/0PohHaFdXQ",,Twitter Web App,False,people still mentions asking black latino indigenous infected dying disp,NEGATIVE,1,unverified claim
Da Mancini Brothers,"Killer City, Kansas","üáÆüáπ Rudy & Geno



Have a #Pizza and #Fugetaboutit


Wrasslin & Pizza 4 Life",2013-01-16 03:42:13,8544,265,3407,False,2020-08-08,"We're all tough 
https://t.co/rGFieJ4X4H
#COVID19 
#Fugetaboutit #PizzaBoyz","['COVID19', 'Fugetaboutit', 'PizzaBoyz']",Twitter for Android,False,tough,NEGATIVE,8,unverified claim
BOSSMANE #NGATFü•Ç,"WORLDWIDE - DECATUR, GA.",NEVER GO AGAINST THE FAMILYü¶çüñ§ Bookings: (404)964-9535 #NGATFü•Ç #LLM #ripzootybang #riprellbing,2011-05-19 16:03:44,1134,692,1539,False,2020-07-27,"#Repost @1BlessMontana with make_repost
„Éª„Éª„Éª
STREET FEVER 3üî•üî•üî•üî•üî•üî• #blessed #montana #streetniggafever3 #covid19 @ At‚Ä¶ https://t.co/t9t2GUYNqo","['Repost', 'blessed', 'montana', 'streetniggafever3', 'covid19']",Instagram,False,make repost street fever 3,NEGATIVE,1,unverified claim
Yoweri K Museveni,Uganda,President of the Republic of Uganda,2010-03-27 15:08:09,1891919,28,76,True,2020-08-30,"In the next few months either a vaccine or cure will be found, in the meantime, let us avoid #COVID19 by being disc‚Ä¶ https://t.co/Iz1kSrNsly",['COVID19'],Twitter Web App,False,next months either vaccine cure found meantime let us avoid disc,NEGATIVE,9,unverified claim
Game Over Thirty,Earth!,In-depth game industry discussion. Inquires & requests go to joethreezero@gameoverthirty.com. YT - https://t.co/IPFbMxSlLK,2017-02-01 20:54:01,187,196,1236,False,2020-07-30,"Perhaps expected, #EA is rolling off an ""exceptional"" (their words) quarter. Engagement is up, revenue is up.‚Ä¶ https://t.co/uXnNBWEyrq",['EA'],Twitter Web App,False,perhaps expected rolling exceptional words quarter engagement revenue,NEGATIVE,6,unverified claim
Montefiore Health System,New York City,"Academic health system nationally renowned for clinical excellence, scientific discovery & commitment to community. University Hospital for @EinsteinMed.",2011-07-22 15:29:37,12813,3397,6957,True,2020-07-29,"Today at 3 est, don't miss a discussion of #healthdisparities and #COVID19 in the Bronx featuring the #Not62 commit‚Ä¶ https://t.co/MqiqUxCFHJ","['healthdisparities', 'COVID19', 'Not62']",Hootsuite Inc.,False,today 3 est miss discussion bronx featuring commit,NEGATIVE,7,unverified claim
Elihu Hernandez,"San Francisco, Ca","Stand-up comedian kinda person,2016 Hot dog eating champ of @SFGiants unemployed actor, non vegetarian, amateur astronomer, and a very bad juggler",2007-03-28 06:17:24,403,444,24938,False,2020-08-01,"@SethMacFarlane I've come to the conclusion that those who think #COVID19 is a ""hoax"" are the same ones who think‚Ä¶ https://t.co/cJQshoOY1B",['COVID19'],Twitter Web App,False,come conclusion think hoax ones,NEGATIVE,12,unverified claim
Ignoring Lockdown Catch Me Outside,"Chicago, IL",Decided to give Twitter another try,2010-10-03 06:26:01,5115,127,3100,False,2020-07-25,Look at all these masks on Chicago protestors. But ya better not go to the beach #COVID19 #COVID #Chicago‚Ä¶ https://t.co/iqhKngeyMS,"['COVID19', 'COVID', 'Chicago']",Twitter for Android,False,look masks chicago protestors ya better go beach,NEGATIVE,3,unverified claim
Tim Ferguson,,Reasoning for the truth.,2014-03-20 01:18:33,2261,2493,68277,False,2020-07-25,"@Greatkid_ @MclernonDylan @CMOH_Alberta You may be under a spell, I can help.
 #Duped #Covid19 #CovidBC #Covid19AB‚Ä¶ https://t.co/2iXA3nTDkn","['Duped', 'Covid19', 'CovidBC', 'Covid19AB']",Twitter Web App,False,may spell help,NEGATIVE,8,unverified claim
Louise Starkey,"Sydney, New South Wales",Online News Reporter @DailyMailAU in Sydney | Got a yarn? Email louise.starkey@mailonline.com,2016-06-17 06:51:21,207,768,422,True,2020-08-04,Guns and bullets are flying off shelves almost as fast as toilet paper and hand sanitiser as the coronavirus turns‚Ä¶ https://t.co/XQZymMbw5f,,Twitter Web App,False,guns bullets flying shelves almost fast toilet paper hand sanitiser coronavirus turns,NEGATIVE,1,unverified claim
Solomon Ambuku,"Mombasa, Kenya.",Social Democrat | Governance & Human Rights Crusader | Political Analyst | U.S. Democracy Scholarship 1999 alumnus | Envinromentalist | Proverbs 31: 8-9,2014-04-23 21:22:36,36310,37949,133314,False,2020-08-01,"@ntvkenya @OBurrows Quarantine not necessary for Chinkos from the craddle of the #COVID19 in #Wuhan , #China. Only‚Ä¶ https://t.co/nbPPDqnxLy","['COVID19', 'Wuhan', 'China']",Twitter for Android,False,quarantine necessary chinkos craddle,NEGATIVE,1,unverified claim
Rob Wright,"Erie, PA","As chief editor of Life Science #Leader magazine, I write about BioPharma Execs, #Innovation & #Leadership, but as a father & husband I tweet about everything.",2010-11-23 18:21:54,7245,102,7333,False,2020-08-10,Who Chooses the Choosers? ‚Äî Ethical Considerations For Distribution Of #COVID19 Vaccines https://t.co/D3veyqTxqy‚Ä¶ https://t.co/VZxzZgB9At,['COVID19'],Twitter Web App,False,chooses choosers ethical considerations distribution vaccines,NEGATIVE,9,unverified claim
UN Women Arabic,Arab States,"ŸáŸäÿ¶ÿ© ÿßŸÑÿ£ŸÖŸÖ ÿßŸÑŸÖÿ™ÿ≠ÿØÿ© ŸÑŸÑŸÖÿ≥ÿßŸàÿßÿ© ÿ®ŸäŸÜ ÿßŸÑÿ¨ŸÜÿ≥ŸäŸÜ Ÿàÿ™ŸÖŸÉŸäŸÜ ÿßŸÑŸÖÿ±ÿ£ÿ© ÿ™ÿπŸÖŸÑ ŸÑÿØÿπŸÖ ÿßÿ≠ÿ™Ÿäÿßÿ¨ÿßÿ™ ÿßŸÑŸÖÿ±ÿ£ÿ© ŸàÿßŸÑŸÅÿ™ÿßÿ© ÿ≠ŸàŸÑ ÿßŸÑÿπÿßŸÑŸÖ.  @UN_Women 
Regional Office for the Arab States",2015-03-20 17:35:53,28635,1240,7576,True,2020-08-12,"On Intl #YouthDay, feminist advocate @marwaazelmat,
 from #Morocco reflects on the implications of #COVID19 on gend‚Ä¶ https://t.co/CpDHDtSne8","['YouthDay', 'Morocco', 'COVID19']",Twitter Web App,False,intl feminist advocate reflects implications gend,POSITIVE,7,unverified claim
Dr. Maurice Sholas,"New Orleans, LA","Physician Executive focused on making healthcare just, equitable and accessible for all. Experienced and Board Certified in Pediatric Rehabilitation Medicine.",2014-10-17 19:45:43,3073,3510,16898,False,2020-08-04,I saw the author discussing excerpts on @MSNBC @maddow ...  that took me out...  I shall have to save this for anot‚Ä¶ https://t.co/zaDiRswqB2,,Twitter for iPhone,False,saw author discussing excerpts took shall save anot,POSITIVE,7,unverified claim
Andrea Rowlison,"Orlando, Florida","Music Remembrance provides music ensembles and bands for wedding ceremonies, wedding receptions, events, memorials, and singing and musical telegrams.",2010-11-12 05:43:07,94,195,63,False,2020-08-22,"Thank you @Triangle_NL for doing a wonderful story about our musicians https://t.co/q6JmhOpYaV 
#TheVillages‚Ä¶ https://t.co/TCfb6jXJ1m",['TheVillages'],Twitter Web App,False,thank wonderful story musicians,POSITIVE,4,unverified claim
8News WRIC Richmond,"Richmond, Va.",Got a news tip in #RVA? Let us know at 804-330-8000 or iReport8@wric.com,2009-03-12 13:45:41,101074,1866,6506,True,2020-07-25,Cape Cod COVID party leads to virus cluster at restaurants https://t.co/CslU3eUgq8 #coronavirus #COVID19 #Health,"['coronavirus', 'COVID19', 'Health']",SocialFlow,False,cape cod covid party leads virus cluster restaurants,NEGATIVE,1,unverified claim
IANS Tweets,New Delhi,India's largest independent News Agency,2010-05-08 13:21:45,52235,45,65,True,2020-07-26,"In a fight against #novelcoronavirus, the researchers have developed a free mobile app which will allow scientists‚Ä¶ https://t.co/Zi8f8VdcJ7",['novelcoronavirus'],Twitter Web App,False,fight researchers developed free mobile app allow scientists,NEGATIVE,14,unverified claim
Liz Carlson,"Wanaka, New Zealand",Young Adventuress | @nzstuff contributor. Travel blogger and coffee addict. Always looking for adventure.,2009-05-17 22:15:31,15530,4040,9525,True,2020-07-27,"Just because we can, does it mean we should? - https://t.co/hGTBz0UKrv #covid19",['covid19'],Hootsuite Inc.,False,mean,NEGATIVE,8,unverified claim
Engineering News,Johannesburg,"South Africa's premier source of real economy news on projects, products, personalities and technoeconomic progress. Subscribe: https://t.co/dbAHFOYWy0",2009-11-04 08:07:50,16358,1063,12,False,2020-08-13,"Opinion: My Covid-19 ordeal #covid19
https://t.co/Q8qmEShA01 https://t.co/79hf2Dr6b5",['covid19'],Hootsuite Inc.,False,opinion covid 19 ordeal,NEGATIVE,1,unverified claim
malta,,Producer of fine food,2012-10-25 03:21:55,668,58,70604,False,2020-08-08,@DrJacobsRad If we need a randomized controlled study on HCQ before people are to be allowed to choose it for a tre‚Ä¶ https://t.co/bhi3FnZOPt,,Twitter Web App,False,need randomized controlled study hcq people allowed choose tre,NEGATIVE,2,unverified claim
"Sam Bayat, Esq.",Dubai (U.A.E.),"Corporate migration, Int'l residence & citizenship specialist, solving problems & creating solutions.",2010-06-09 03:32:45,27943,441,1384,False,2020-07-28,"It is unclear until now what the pandemic is leading to

https://t.co/oM5gYZkGnl

#COVID19 #Pandemic #Economics","['COVID19', 'Pandemic', 'Economics']",Twitter Web App,False,unclear pandemic leading,NEGATIVE,5,unverified claim
NANCY,USA,FORMERLY W/@9NEWS‚òÖOPINIONS ARE MINE‚òÖPATRIOT‚òÖProLife‚òÖ2A‚òÖ MAGA‚òÖNAVY‚òÖSchoolw/√òbama‚òÖ RETWEETS Go GLOBALüëçüèº-FAVES R NOT SEEN ‚ûñFB: @PragerU @GenFlynn et al,2012-01-04 02:38:05,92075,48242,67012,False,2020-08-01,"@doug_dd @SaraCarterDC Before you start accusing Sara read this.

These tests were UNOPENED and were returned as al‚Ä¶ https://t.co/HeOkmg6P7h",,Twitter for iPad,False,start accusing sara read tests unopened returned al,NEGATIVE,2,unverified claim
Ruthiehot,Nigeria,"Social Media Influencer! 

Customer Care Support  @pas_solar LTD

Renewable energy advocate ‚òÄ üè° Join #TheSolarRevolution",2017-03-11 18:36:27,221,853,4742,False,2020-07-25,Why do I feel like the Pandemic will vanish after the US elections in November? ü§î #COVID19 #bbnaijalockdown2020 #COVID19Nigeria,"['COVID19', 'bbnaijalockdown2020', 'COVID19Nigeria']",Twitter for Android,False,feel like pandemic vanish us elections november,NEGATIVE,5,unverified claim
üáπüá∑ Umut Acar,"Ankara, Turkey","Turkish Diplomat, former Consul General in Chicago/ Opinions expressed are solely my own",2010-06-16 08:22:54,9370,1497,38533,False,2020-08-12,@MMFlint Its no doubt pretty difficult days for all of us Michael. We have introduced all necessary measures for‚Ä¶ https://t.co/Yd7nirWK34,,Twitter for iPhone,False,doubt pretty difficult days us michael introduced necessary measures,NEGATIVE,12,unverified claim
Jeannine Riviere üíÉüá∫üá∏ü§∫,,SPEAK en francais @CorralGateER  üíÉüëÆüèª‚Äç‚ôÄÔ∏èüî´ ü§∫üêïüêé ü§∫üèÉ‚Äç‚ôÄÔ∏è#KAG TAKE A CUE FROM ME #MAGA #NavyLeagueUS #humantrafficking #vets4childrescue WILL FOLLOW LATER,2013-01-28 12:39:15,3968,4985,18949,False,2020-08-04,@MaybeAmes Oh she @Alyssa_Milano just doesn‚Äôt have makeup on. Especially during #COVID19 üôÑ me either. This is what‚Ä¶ https://t.co/d8HdToaps5,['COVID19'],Twitter for iPhone,False,oh makeup especially either,NEGATIVE,3,unverified claim
Coronavirus Updates,,"COVID-19 (Coronavirus) Latest News & Statistics.
We post updates 24/7 as they come in, all stats are from official sources.
#Coronavirus #COVID19",2020-03-07 12:52:51,488,1,0,False,2020-08-13,"1 new death in China, Hong Kong SAR 

[9:24 GMT] #coronavirus #CoronaVirusUpdate #COVID19 #CoronavirusPandemic","['coronavirus', 'CoronaVirusUpdate', 'COVID19', 'CoronavirusPandemic']",COVID19-Updates,False,1 new death china hong kong sar 9 24 gmt,NEGATIVE,0,unverified claim
13seeds,New Hamshire,"Registered independant voter. Loving dad. strong military family history. ‚ù§USA, Nature, animals LoveTrumpsHATE #resist #environmental. No fame/$ nor STUPID",2020-01-23 00:20:53,153,537,4433,False,2020-08-22,"@BeesShe @LoreyJeanene Just ""goes away"" just not gonna happen with trump or #covid19",['covid19'],Twitter Web App,False,goes away gon na happen trump,NEGATIVE,12,unverified claim
ActivistBowen,Hong Kong,"person, web writer, dissident, son, brother, friend; NOT a 1-man show; RTs = IMPORTANCE, NOT NECESSARILY ENDORSEMENTS; REASONABLENESS over loyalty",2011-06-08 20:17:01,3219,4007,4254,False,2020-08-17,"23101 new cases: hashtag THREE (LITTLE-NO SOCIAL DISTANCING) (August 17, 2020; 10:59 HKT) #COVID2019 #COVID19 #BRAZIL","['COVID2019', 'COVID19', 'BRAZIL']",Twitter Web App,False,23101 new cases hashtag three little social distancing august 17 2020 10 59 hkt,NEGATIVE,0,unverified claim
The Conversation US,"Boston, MA",A nonprofit news website dedicated to democratizing knowledge. We bring the expertise of academics to the public. Free to read and republish.,2014-08-15 01:59:25,53477,5482,7542,True,2020-08-29,The rushed emergency approval for a treatment that might help #COVID19 patients raises a serious question: Is the‚Ä¶ https://t.co/3GxuTFWzeh,['COVID19'],Echobox,False,rushed emergency approval treatment might help patients raises serious question,NEGATIVE,2,unverified claim
Jason Mombourquette,Ottawa,I'm a father of two who loves the company of good friends and loved ones with good food and wine. A dedicated public servant and part time java instructor.,2012-11-04 19:04:15,237,474,2171,False,2020-08-22,Disappointed to see how many Canadians feel that the COVID app is something nefarious tracking their every movement‚Ä¶ https://t.co/F1Y1G0A7ZG,,Twitter for iPhone,False,disappointed see many canadians feel covid app something nefarious tracking every movement,NEGATIVE,1,unverified claim
#womeninforensics,Worldwide ,"Founder of Women in Forensics ‚òØÔ∏è

Educating the community about forensics ‚ñ™Ô∏è
info@awifs.org 
Follow/ tag #womeninforensics ‚ñ™Ô∏è
WAWFE US Coord./Mgr.",2010-09-18 15:19:58,5892,2139,549,False,2020-08-06,U.S. Jail Population Decreased by 22% During COVID-19: Both the speed and magnitude of the decline were unprecedent‚Ä¶ https://t.co/w51unxgn5m,,dlvr.it,False,u jail population decreased 22 covid 19 speed magnitude decline unprecedent,NEGATIVE,1,unverified claim
The New Sarawak,,Your source of independent news and insights from Sarawak and beyond.,2020-03-24 08:20:43,161,0,0,False,2020-07-25,"Covid-19 survivor upset over ‚Äútidak apa‚Äù attitude by others

 https://t.co/3mvKca8t5I  

 Erika, who was quarantine‚Ä¶ https://t.co/QIRb5YhANr",,IFTTT,False,covid 19 survivor upset tidak apa attitude others erika quarantine,NEGATIVE,1,unverified claim
Satya Prakash Dash,"ad-interim pause in Berlin, DE","Founding Team @BIRAC_2012, Board @venture_center FoundingDirector @PATHtweets ImpactLab Designed 15 natl prog #BIG #SPARSH #SIIP #BioNEST #BREC #BRIC #AcE #SEED",2009-07-26 22:09:10,1045,807,1,False,2020-08-08,"I love the #GIF! &amp; great messaging @Centogene 
#TestBeforeYouTravel #COVID19 https://t.co/MMqyHMJWP5","['GIF', 'TestBeforeYouTravel', 'COVID19']",Twitter Web App,False,love amp great messaging,POSITIVE,4,unverified claim
Shad from DC,WDC,"This haiku stinks. Began 2/28/09 w/ lyrical, Japanese, 3 line poems of 5, 7 & 5 syllables, respectively
Box of 17-
syllables, cleft in 3 lines-
of my own making",2009-01-28 12:54:06,3026,458,111,False,2020-08-07,"Quarter million folks- /
Couple of thousand face masks. /
Any predictions? /
https://t.co/frVGRbSgI0
#haiku‚Ä¶ https://t.co/MSJ6f7n6mD",['haiku'],TweetCaster for iOS,False,quarter million folks couple thousand face masks predictions,NEGATIVE,3,unverified claim
Jason,Ontario,"When your cat has more baking soda than Ninja Turtles but your too punk to care. Gamer, Frisbee and sunshine these are a few of my favorite things. Metal!",2011-12-21 04:41:30,128,163,6000,False,2020-08-10,Now this is funny. #COVID19 https://t.co/P5RhSAYegu,['COVID19'],Twitter for Android,False,funny,POSITIVE,8,unverified claim
Shinil Payamal,"Pune, India","I am a Director at MarkoMon Impex Pvt. Ltd., an E-commerce company.",2008-06-24 21:03:54,3867,1057,265416,False,2020-08-11,"#Russia approves first #COVID19vaccineüíâfor use, Putin says his daughter inoculated
https://t.co/ZOEqsm4oXR‚Ä¶ https://t.co/GeYF9rBlTB","['Russia', 'COVID19vaccine']",Twitter Web App,False,approves first use putin says daughter inoculated,NEGATIVE,9,unverified claim
InTheFreshLAüå¥,Los Angeles,"#Pizza eating #LA locals talking about Los Angeles! We talk tech, games, art, photography, movies/tv & whatever else interesting. Blog coming soon! Follow us!",2009-08-26 06:27:21,1243,1283,14421,False,2020-07-31,More food suppliers ordered to shit down because of outbreaks of #covid19. #coronavirus  https://t.co/Np3fOUh860,"['covid19', 'coronavirus']",Twitter for iPhone,False,food suppliers ordered shit outbreaks,NEGATIVE,1,unverified claim
NCB,United Kingdom,"NCB is a leading charity driving change across society so all children grow up safe, secure and supported. The #NCBFamily is united for a better childhood.",2010-03-09 12:07:57,27357,2957,5630,True,2020-08-16,"We want to hear from children, teenagers and young adults about their experience of the #COVID19 global pandemic. S‚Ä¶ https://t.co/lfrzuYBdhR",['COVID19'],Sprout Social,False,want hear children teenagers young adults experience global pandemic,POSITIVE,5,unverified claim
Alden Olms,United States,"Actually pretty nice little Saturday, Home Depot, maybe Bed, Bath and Beyond. I don‚Äôt know- I don‚Äôt know if we‚Äôll have enough time https://t.co/qCJAKJTmPY",2010-09-10 01:24:43,226,297,9029,False,2020-08-18,"SF has 69 deaths.  Sixty nine.  In five months from this ""pandemic.""  There aren't even words anymore #IDIOCRACY‚Ä¶ https://t.co/FQu8Sc85Ba",['IDIOCRACY'],Twitter Web App,False,sf 69 deaths sixty nine five months pandemic even words anymore,NEGATIVE,5,unverified claim
Caroline Castle,"Edinburgh, Scotland","Semi retired , business tutor and English teacher. Politically adrift. Likes fiddle music , opera, cooking and gardening, and spaniels.",2009-03-12 11:06:25,2075,1886,19195,False,2020-08-11,@joe90kane The handling of the #Covid19 crisis and the relegation of the economy to the status of an after-thought.‚Ä¶ https://t.co/zdXs3iPXT1,['Covid19'],Twitter Web App,False,handling crisis relegation economy status thought,NEGATIVE,6,unverified claim
sandra smith,Shan Shui,,2009-08-16 10:09:24,8734,8274,23514,False,2020-07-25,"Here‚Äôs a short poem for all those people not wearing masks. It‚Äôs called ‚ÄòOn Liberty‚Äô. 

#brianbilston #onliberty‚Ä¶ https://t.co/YT2S4EqBVu","['brianbilston', 'onliberty']",Twitter for iPad,False,short poem people wearing masks called liberty,NEGATIVE,3,unverified claim
Robert Moore,,"Chemical Engineering graduate of Virginia Tech. Technical writer, fictional writer and author of The Neighbor, The Foundation, and The Destination. Loves dogs.",2012-07-20 18:25:37,1446,1386,59876,False,2020-08-18,"@virginia_tech Agree. But with the Governor's ridiculous testing limits on positives, it is likely he will shut dow‚Ä¶ https://t.co/phBOV0yTB7",,Twitter Web App,False,agree governor ridiculous testing limits positives likely shut dow,NEGATIVE,2,unverified claim
Start. Stop. Repeat.,,"What kind of world do we want? What can we learn from previous global catastrophes that can help?
Crowdfunding now: https://t.co/4fyMWQwq7D",2009-02-04 16:01:49,334,221,159,False,2020-08-01,"Apparently the most important thing right now to concentrate on is how to go on holiday. 

Not how to save people's‚Ä¶ https://t.co/6nZrf4kck0",,Buffer,False,apparently important thing right concentrate go holiday save people,POSITIVE,7,unverified claim
Berry Street,"Victoria, Australia","We believe that children, young people and families should be safe, thriving and hopeful.",2010-08-26 22:54:59,6245,2219,3502,False,2020-08-17,The Berry Street School has been adapting to the #COVID19 pandemic. Hear from two Assistant Principals as they shar‚Ä¶ https://t.co/4uwME5pR3j,['COVID19'],Gain Platform,False,berry street school adapting pandemic hear two assistant principals shar,POSITIVE,10,unverified claim
Noah WoodardüòÜ,"McDonough, GA",Young athlete from GAüôå ELHSü¶Ö Class of 2023 Football DE and LB,2020-01-05 07:43:37,0,53,47,False,2020-07-28,"I just want to strap up and go back on the field but people don‚Äôt wanna put there mask on,think about the people wh‚Ä¶ https://t.co/PKTFOLqcuL",,Twitter for iPhone,False,want strap go back field people wan na put mask think wh,NEGATIVE,3,unverified claim
FOX 5 Atlanta,Atlanta,More local news than any other station in the Atlanta area. Home to @GoodDayAtlanta @FOX5StormTeam @FOX5Sports @SKYFOXTraffic and more! #fox5atl,2008-12-03 14:09:12,630602,1632,8712,True,2020-08-30,"Sign up for FOX5's #TheMorningBriefüìß now at https://t.co/dEfT3RzmqS!
#Covid19
#coronavirus
#FOX5Atlanta https://t.co/ycDWzmkiSn","['TheMorningBrief', 'Covid19', 'coronavirus', 'FOX5Atlanta']",TweetDeck,False,sign fox5,NEGATIVE,11,unverified claim
Fergus McPop,USA,"Love any kind of classic pop, rock, beer or pizzas. https://t.co/HaJAWMUzA5",2014-06-10 21:28:09,1029,980,81,False,2020-07-25,"Coronavirus Testing Fiasco: St Mirren¬†have pledged to undertake an ""urgent review"" of their Covid-19 testing proced‚Ä¶ https://t.co/bfel6gyXIq",,TweetCaster for Android,False,coronavirus testing fiasco st mirren pledged undertake urgent review covid 19 proced,NEGATIVE,1,unverified claim
Juliana,,The desire to reach for the stars is ambitious. The desire to reach hearts is wise. Maya Angelou   #TheResistance #Alltrumpkinsblocked!!! #NOLISTS!,2009-03-22 13:20:42,5697,6268,21662,False,2020-08-16,"@IvankaTrump As your daddy @realDonaldTrump said about the 170,000 and counting Americans dead from #COVID19 ""It is‚Ä¶ https://t.co/SH7XdAs52n",['COVID19'],Twitter for Android,False,daddy said 170 000 counting americans dead,NEGATIVE,12,unverified claim
PatriotD,"Savannah, GA","married, retired teacher #christian #baptist, #conservative, #patriot, #Navy mom, #airforce grand #constitution #wakeupamerica",2009-06-22 16:03:26,1397,1243,5991,False,2020-08-14,@RepAndyBiggsAZ @SharNeal That‚Äôs what happens when you consistently go along with rhetoric of #masks #phase 1 2 3 w‚Ä¶ https://t.co/hkXocalMiq,"['masks', 'phase']",Twitter for iPhone,False,happens consistently go along rhetoric 1 2 3 w,POSITIVE,12,unverified claim
Claromentis,UK ‚Ä¢ USA ‚Ä¢ AU ‚Ä¢ CA,"Go beyond the #intranet to the #digitalworkplace.   We help your #business share information, work smarter, and engage with people to reach your goals.",2008-11-14 22:18:59,5572,4458,171,False,2020-08-02,"As many of us worry about the effects of coronavirus on ourselves, our loved ones, and our livelihoods, it can, at‚Ä¶ https://t.co/qPuh5p4kN7",,Sprout Social,False,many us worry effects coronavirus loved ones livelihoods,NEGATIVE,1,unverified claim
P.R KingOfHearts,"Huntington Station, NY",üíØüáµüá∑ i Rap...,2016-10-16 20:50:05,2070,1781,7779,False,2020-07-31,So what if this whole #Covid19 stuff is a plot in order to set up a Financial crisis Financial crisis the giving pp‚Ä¶ https://t.co/QmeyabZUKr,['Covid19'],Twitter for iPhone,False,whole stuff plot order set financial crisis giving pp,NEGATIVE,6,unverified claim
The AssarV10 Team‚Ñ¢¬©,"California, USA",The AssarV10 Team‚Ñ¢¬©,2015-12-23 07:40:38,2565,779,9732,False,2020-07-25,Supreme Court rejects argument that Nevada restriction on church attendance is unconstitutional‚Ä¶ https://t.co/y3VMa7bbq4,,assarofficial,False,supreme court rejects argument nevada restriction church attendance unconstitutional,POSITIVE,10,unverified claim
Dylan Foley,"Brooklyn, NY",Journalist. Oral historian. Broadway theater observer.,2012-08-12 15:28:02,251,984,14867,False,2020-07-29,"#LouieGohmert, America‚Äôs dumbest Congressman, tests positive for #COVID19 https://t.co/4proe3iAdM","['LouieGohmert', 'COVID19']",Twitter for iPhone,False,america dumbest congressman tests positive,NEGATIVE,2,unverified claim
Open Letters,Text RESIST to 50409,"Copies of real letters delivered to the President, Congress, Governors, and State Legislators. Send 'resist' as a Direct Message to @resistbot to write yours.",2017-12-06 22:18:07,17341,3,2,True,2020-08-16,"üñã Sign ‚ÄúPlease Safeguard Our Elections‚Äù and I‚Äôll deliver a copy to your officials: https://t.co/vdc78HChqE

üì® No. 4‚Ä¶ https://t.co/5PRlmU1yGl",,Resistbot Open Letters,False,sign please safeguard elections deliver copy officials 4,NEGATIVE,11,unverified claim
Suky Spook,England,"Expect the unexpected, it's a deep rabbit hole. Non reliquit lapis qui non reversatur.",2011-07-21 09:49:11,2033,2044,98886,False,2020-08-09,"@MsRightMsRight Imo on one level #COVID19 is a test for stupid. 
Sadly lots of people have passed said test. üò≥ü§™",['COVID19'],Twitter for iPhone,False,imo one level test stupid sadly lots people passed said,NEGATIVE,2,unverified claim
Waquar,Delhi,"Explorer of life, Lifetime learner, #TISS & #NIFT alum, #HRBP #HRTech #Leadership",2009-02-05 15:29:23,102,237,46,False,2020-08-01,"@singhapoorva16 It is shared by majority of people, &amp; caused due to covid related anxiety and then complete change‚Ä¶ https://t.co/zLA665knhV",,Twitter Web App,False,shared majority people amp caused due covid related anxiety complete change,POSITIVE,1,unverified claim
üá®üá¶ Cathy Cody üá®üá¶,,"I am üá®üá¶ BC gal living in NB, 4 daughters,6 grands.Liberal views. melanoma survivor.interests üèíüêßNutrition, kids'health, facts.diversity.üî¨ over $$$ üêïperson",2015-12-29 17:32:06,545,1701,18535,False,2020-07-27,"üá®üá¶Thoughts are with the 322 across Canada who were newly tested positive, and the families and loved ones of the 5‚Ä¶ https://t.co/FdN5MBnJUU",,Twitter Web App,False,thoughts 322 across canada newly tested positive families loved ones 5,POSITIVE,2,unverified claim
TalkShoe,"Toronto, Ontario","Create, publish & host your podcast FREE on https://t.co/G1lgQCfkO9 with tons of cool features. Book FREE recording time at our studio in @stacktmarket: https://t.co/4KVW743e3N",2007-04-14 19:49:21,7258,6810,7622,False,2020-07-31,"Start your new podcast with the Talkshoe platform, your #FREE online #recording studio. Sign up and check out how q‚Ä¶ https://t.co/l9WrvmMUXA","['FREE', 'recording']",Buffer,False,start new podcast talkshoe platform online studio sign check q,POSITIVE,7,unverified claim
Todd Gaebe,,,2016-08-05 00:41:02,29,182,122,False,2020-08-22,Still bored lol. #corona #coronavirus #covid #covid19 #covƒ±d19 #virus #quarantine #quarantinelife‚Ä¶ https://t.co/Cfgn2AWaAu,"['corona', 'coronavirus', 'covid', 'covid19', 'covƒ±d19', 'virus', 'quarantine', 'quarantinelife']",Instagram,False,still bored lol,NEGATIVE,8,unverified claim
Binoy Simon Mathews,,"FOR BEAUTIFUL EYES, LOOK FOR THE GOOD IN OTHERS, FOR BEAUTIFUL LIPS, SPEAK ONLY WORDS OF KINDNESS, AND FOR POISE, WALK WITH KNOWLEDGE THAT YOU ARE NEVER ALONE.",2015-04-17 03:56:14,150,197,27455,False,2020-07-25,@UN @UNHumanRights world leaders did u ever noticed any where in d world a patient testing himself for #covid19 in‚Ä¶ https://t.co/TayliDdkqN,['covid19'],Twitter for Android,False,world leaders u ever noticed patient testing,POSITIVE,2,unverified claim
Moe,Ur mom,"BIDEN 2020, bye don üëã, #BLM,",2020-05-20 02:40:54,137,380,284,False,2020-07-28,"Lol 145,000 dead to covid and he‚Äôs spending his time on this üòÇ #COVID19 #Hydroxychloroquine #TrumpFailsAmerica‚Ä¶ https://t.co/dBfBDdn6NO","['COVID19', 'Hydroxychloroquine', 'TrumpFailsAmerica']",Twitter for iPhone,False,lol 145 000 dead covid spending time,NEGATIVE,1,unverified claim
